dataset,graph,solver,num_nodes,num_edges,total_time_ms,solve_time_ms,transformation_time_ms,mwu_iterations,avg_oracle_time_ms,mendel_total_ms,mendel_avg_ms,oblivious_ratio,demand_model,offline_opt,achieved_congestion,ratio_pct,status
Backbone,1221.lgf,electrical,7,18,3,2,0,10,0.1,NaN,NaN,3.65806,uniform,37353.8,434900,1164.27,OK
Backbone,1221.lgf,electrical,7,18,3,2,0,10,0.1,NaN,NaN,3.65806,bimodal,4880.4,29950.6,613.692,OK
Backbone,1221.lgf,electrical,7,18,3,2,0,10,0.1,NaN,NaN,3.65806,gaussian,48113.4,469251,975.302,OK
Backbone,1221.lgf,electrical,7,18,3,2,0,10,0.1,NaN,NaN,3.65806,gravity,1.69925,18.3206,1078.16,OK
Backbone,1221.lgf,raecke_frt,7,18,0,0,0,5,0,NaN,NaN,1.81258,uniform,37353.8,434900,1164.27,OK
Backbone,1221.lgf,raecke_frt,7,18,0,0,0,5,0,NaN,NaN,1.81258,bimodal,4880.4,17415.8,356.851,OK
Backbone,1221.lgf,raecke_frt,7,18,0,0,0,5,0,NaN,NaN,1.81258,gaussian,48113.4,469251,975.302,OK
Backbone,1221.lgf,raecke_frt,7,18,0,0,0,5,0,NaN,NaN,1.81258,gravity,1.69925,18.3206,1078.16,OK
Backbone,1221.lgf,raecke_ckr,7,18,0,0,0,6,0,NaN,NaN,1.825,uniform,37353.8,434900,1164.27,OK
Backbone,1221.lgf,raecke_ckr,7,18,0,0,0,6,0,NaN,NaN,1.825,bimodal,4880.4,17415.8,356.851,OK
Backbone,1221.lgf,raecke_ckr,7,18,0,0,0,6,0,NaN,NaN,1.825,gaussian,48113.4,469251,975.302,OK
Backbone,1221.lgf,raecke_ckr,7,18,0,0,0,6,0,NaN,NaN,1.825,gravity,1.69925,18.3206,1078.16,OK
Backbone,1221.lgf,raecke_random_mst,7,18,0,0,0,5,0,NaN,NaN,2.42443,uniform,37353.8,434900,1164.27,OK
Backbone,1221.lgf,raecke_random_mst,7,18,0,0,0,5,0,NaN,NaN,2.42443,bimodal,4880.4,17466.2,357.884,OK
Backbone,1221.lgf,raecke_random_mst,7,18,0,0,0,5,0,NaN,NaN,2.42443,gaussian,48113.4,469251,975.302,OK
Backbone,1221.lgf,raecke_random_mst,7,18,0,0,0,5,0,NaN,NaN,2.42443,gravity,1.69925,18.3206,1078.16,OK
Backbone,1221.lgf,raecke_frt_mendel,7,18,1,0,0,19,0,0,0,2,uniform,37353.8,434900,1164.27,OK
Backbone,1221.lgf,raecke_frt_mendel,7,18,1,0,0,19,0,0,0,2,bimodal,4880.4,17415.8,356.851,OK
Backbone,1221.lgf,raecke_frt_mendel,7,18,1,0,0,19,0,0,0,2,gaussian,48113.4,469251,975.302,OK
Backbone,1221.lgf,raecke_frt_mendel,7,18,1,0,0,19,0,0,0,2,gravity,1.69925,18.3206,1078.16,OK
Backbone,1221.lgf,raecke_ckr_mendel,7,18,0,0,0,15,0,0,0,2.12571,uniform,37353.8,434900,1164.27,OK
Backbone,1221.lgf,raecke_ckr_mendel,7,18,0,0,0,15,0,0,0,2.12571,bimodal,4880.4,17415.8,356.851,OK
Backbone,1221.lgf,raecke_ckr_mendel,7,18,0,0,0,15,0,0,0,2.12571,gaussian,48113.4,469251,975.302,OK
Backbone,1221.lgf,raecke_ckr_mendel,7,18,0,0,0,15,0,0,0,2.12571,gravity,1.69925,18.3206,1078.16,OK
Backbone,1239.lgf,electrical,30,138,28,28,0,17,1.05882,NaN,NaN,26.7777,uniform,242395,6.84446e+06,2823.68,OK
Backbone,1239.lgf,electrical,30,138,28,28,0,17,1.05882,NaN,NaN,26.7777,bimodal,20021.1,791200,3951.83,OK
Backbone,1239.lgf,electrical,30,138,28,28,0,17,1.05882,NaN,NaN,26.7777,gaussian,350444,8.80309e+06,2511.98,OK
Backbone,1239.lgf,electrical,30,138,28,28,0,17,1.05882,NaN,NaN,26.7777,gravity,1.91807,95.1505,4960.74,OK
Backbone,1239.lgf,raecke_frt,30,138,83,34,16,33,1.0303,NaN,NaN,5.37103,uniform,242395,3.21188e+06,1325.06,OK
Backbone,1239.lgf,raecke_frt,30,138,83,34,16,33,1.0303,NaN,NaN,5.37103,bimodal,20021.1,360933,1802.76,OK
Backbone,1239.lgf,raecke_frt,30,138,83,34,16,33,1.0303,NaN,NaN,5.37103,gaussian,350444,4.06742e+06,1160.65,OK
Backbone,1239.lgf,raecke_frt,30,138,83,34,16,33,1.0303,NaN,NaN,5.37103,gravity,1.91807,43.7089,2278.79,OK
Backbone,1239.lgf,raecke_ckr,30,138,37,0,10,34,0,NaN,NaN,5.64395,uniform,242395,3.56847e+06,1472.17,OK
Backbone,1239.lgf,raecke_ckr,30,138,37,0,10,34,0,NaN,NaN,5.64395,bimodal,20021.1,407524,2035.47,OK
Backbone,1239.lgf,raecke_ckr,30,138,37,0,10,34,0,NaN,NaN,5.64395,gaussian,350444,4.54301e+06,1296.36,OK
Backbone,1239.lgf,raecke_ckr,30,138,37,0,10,34,0,NaN,NaN,5.64395,gravity,1.91807,49.0938,2559.54,OK
Backbone,1239.lgf,raecke_random_mst,30,138,45,0,28,34,0,NaN,NaN,8.31336,uniform,242395,2.99034e+06,1233.67,OK
Backbone,1239.lgf,raecke_random_mst,30,138,45,0,28,34,0,NaN,NaN,8.31336,bimodal,20021.1,326079,1628.68,OK
Backbone,1239.lgf,raecke_random_mst,30,138,45,0,28,34,0,NaN,NaN,8.31336,gaussian,350444,3.67498e+06,1048.66,OK
Backbone,1239.lgf,raecke_random_mst,30,138,45,0,28,34,0,NaN,NaN,8.31336,gravity,1.91807,36.5213,1904.07,OK
Backbone,1239.lgf,raecke_frt_mendel,30,138,226,62,36,118,0.525424,0,0,5.95352,uniform,242395,2.85203e+06,1176.6,OK
Backbone,1239.lgf,raecke_frt_mendel,30,138,226,62,36,118,0.525424,0,0,5.95352,bimodal,20021.1,325241,1624.49,OK
Backbone,1239.lgf,raecke_frt_mendel,30,138,226,62,36,118,0.525424,0,0,5.95352,gaussian,350444,3.63356e+06,1036.84,OK
Backbone,1239.lgf,raecke_frt_mendel,30,138,226,62,36,118,0.525424,0,0,5.95352,gravity,1.91807,39.2679,2047.26,OK
Backbone,1239.lgf,raecke_ckr_mendel,30,138,184,38,24,111,0.288288,0,0,5.57123,uniform,242395,2.8135e+06,1160.71,OK
Backbone,1239.lgf,raecke_ckr_mendel,30,138,184,38,24,111,0.288288,0,0,5.57123,bimodal,20021.1,321365,1605.13,OK
Backbone,1239.lgf,raecke_ckr_mendel,30,138,184,38,24,111,0.288288,0,0,5.57123,gaussian,350444,3.58153e+06,1022,OK
Backbone,1239.lgf,raecke_ckr_mendel,30,138,184,38,24,111,0.288288,0,0,5.57123,gravity,1.91807,38.7033,2017.83,OK
Backbone,1755.lgf,electrical,18,66,8,7,0,14,0,NaN,NaN,7.82831,uniform,165729,1.33221e+06,803.848,OK
Backbone,1755.lgf,electrical,18,66,8,7,0,14,0,NaN,NaN,7.82831,bimodal,18201.4,164410,903.283,OK
Backbone,1755.lgf,electrical,18,66,8,7,0,14,0,NaN,NaN,7.82831,gaussian,167562,1.76727e+06,1054.7,OK
Backbone,1755.lgf,electrical,18,66,8,7,0,14,0,NaN,NaN,7.82831,gravity,1.8624,23.0167,1235.86,OK
Backbone,1755.lgf,raecke_frt,18,66,10,0,0,17,0,NaN,NaN,3.52801,uniform,165729,985488,594.64,OK
Backbone,1755.lgf,raecke_frt,18,66,10,0,0,17,0,NaN,NaN,3.52801,bimodal,18201.4,136257,748.607,OK
Backbone,1755.lgf,raecke_frt,18,66,10,0,0,17,0,NaN,NaN,3.52801,gaussian,167562,1.36572e+06,815.054,OK
Backbone,1755.lgf,raecke_frt,18,66,10,0,0,17,0,NaN,NaN,3.52801,gravity,1.8624,14.5777,782.739,OK
Backbone,1755.lgf,raecke_ckr,18,66,5,0,0,19,0,NaN,NaN,3.65613,uniform,165729,864851,521.848,OK
Backbone,1755.lgf,raecke_ckr,18,66,5,0,0,19,0,NaN,NaN,3.65613,bimodal,18201.4,133639,734.226,OK
Backbone,1755.lgf,raecke_ckr,18,66,5,0,0,19,0,NaN,NaN,3.65613,gaussian,167562,1.21401e+06,724.518,OK
Backbone,1755.lgf,raecke_ckr,18,66,5,0,0,19,0,NaN,NaN,3.65613,gravity,1.8624,15.533,834.034,OK
Backbone,1755.lgf,raecke_random_mst,18,66,6,0,0,17,0,NaN,NaN,6.062,uniform,165729,1.25692e+06,758.418,OK
Backbone,1755.lgf,raecke_random_mst,18,66,6,0,0,17,0,NaN,NaN,6.062,bimodal,18201.4,161700,888.397,OK
Backbone,1755.lgf,raecke_random_mst,18,66,6,0,0,17,0,NaN,NaN,6.062,gaussian,167562,1.6478e+06,983.402,OK
Backbone,1755.lgf,raecke_random_mst,18,66,6,0,0,17,0,NaN,NaN,6.062,gravity,1.8624,22.0952,1186.38,OK
Backbone,1755.lgf,raecke_frt_mendel,18,66,19,0,0,43,0,0,0,5.69105,uniform,165729,1.09655e+06,661.652,OK
Backbone,1755.lgf,raecke_frt_mendel,18,66,19,0,0,43,0,0,0,5.69105,bimodal,18201.4,144424,793.48,OK
Backbone,1755.lgf,raecke_frt_mendel,18,66,19,0,0,43,0,0,0,5.69105,gaussian,167562,1.37332e+06,819.592,OK
Backbone,1755.lgf,raecke_frt_mendel,18,66,19,0,0,43,0,0,0,5.69105,gravity,1.8624,20.4307,1097.01,OK
Backbone,1755.lgf,raecke_ckr_mendel,18,66,18,0,0,44,0,0,0,5.61926,uniform,165729,1.48018e+06,893.135,OK
Backbone,1755.lgf,raecke_ckr_mendel,18,66,18,0,0,44,0,0,0,5.61926,bimodal,18201.4,189146,1039.19,OK
Backbone,1755.lgf,raecke_ckr_mendel,18,66,18,0,0,44,0,0,0,5.61926,gaussian,167562,1.84466e+06,1100.89,OK
Backbone,1755.lgf,raecke_ckr_mendel,18,66,18,0,0,44,0,0,0,5.61926,gravity,1.8624,30.4132,1633.01,OK
Backbone,3257.lgf,electrical,27,128,24,23,0,17,1,NaN,NaN,30.1055,uniform,358578,5.611e+06,1564.79,OK
Backbone,3257.lgf,electrical,27,128,24,23,0,17,1,NaN,NaN,30.1055,bimodal,48479.8,661384,1364.25,OK
Backbone,3257.lgf,electrical,27,128,24,23,0,17,1,NaN,NaN,30.1055,gaussian,525565,6.63425e+06,1262.31,OK
Backbone,3257.lgf,electrical,27,128,24,23,0,17,1,NaN,NaN,30.1055,gravity,1.88445,85.7861,4552.32,OK
Backbone,3257.lgf,raecke_frt,27,128,98,44,1,45,0.977778,NaN,NaN,6.12505,uniform,358578,1.6342e+06,455.745,OK
Backbone,3257.lgf,raecke_frt,27,128,98,44,1,45,0.977778,NaN,NaN,6.12505,bimodal,48479.8,195682,403.636,OK
Backbone,3257.lgf,raecke_frt,27,128,98,44,1,45,0.977778,NaN,NaN,6.12505,gaussian,525565,1.97589e+06,375.955,OK
Backbone,3257.lgf,raecke_frt,27,128,98,44,1,45,0.977778,NaN,NaN,6.12505,gravity,1.88445,25.5461,1355.63,OK
Backbone,3257.lgf,raecke_ckr,27,128,35,0,1,45,0,NaN,NaN,7.28946,uniform,358578,2.03606e+06,567.815,OK
Backbone,3257.lgf,raecke_ckr,27,128,35,0,1,45,0,NaN,NaN,7.28946,bimodal,48479.8,255548,527.122,OK
Backbone,3257.lgf,raecke_ckr,27,128,35,0,1,45,0,NaN,NaN,7.28946,gaussian,525565,2.3858e+06,453.95,OK
Backbone,3257.lgf,raecke_ckr,27,128,35,0,1,45,0,NaN,NaN,7.28946,gravity,1.88445,32.7039,1735.46,OK
Backbone,3257.lgf,raecke_random_mst,27,128,61,0,30,51,0,NaN,NaN,8.04273,uniform,358578,2.66451e+06,743.077,OK
Backbone,3257.lgf,raecke_random_mst,27,128,61,0,30,51,0,NaN,NaN,8.04273,bimodal,48479.8,311392,642.313,OK
Backbone,3257.lgf,raecke_random_mst,27,128,61,0,30,51,0,NaN,NaN,8.04273,gaussian,525565,3.15721e+06,600.727,OK
Backbone,3257.lgf,raecke_random_mst,27,128,61,0,30,51,0,NaN,NaN,8.04273,gravity,1.88445,40.1428,2130.22,OK
Backbone,3257.lgf,raecke_frt_mendel,27,128,159,59,0,112,0.464286,0,0,6.12238,uniform,358578,1.57074e+06,438.049,OK
Backbone,3257.lgf,raecke_frt_mendel,27,128,159,59,0,112,0.464286,0,0,6.12238,bimodal,48479.8,227214,468.679,OK
Backbone,3257.lgf,raecke_frt_mendel,27,128,159,59,0,112,0.464286,0,0,6.12238,gaussian,525565,1.90343e+06,362.168,OK
Backbone,3257.lgf,raecke_frt_mendel,27,128,159,59,0,112,0.464286,0,0,6.12238,gravity,1.88445,22.6559,1202.26,OK
Backbone,3257.lgf,raecke_ckr_mendel,27,128,139,39,0,108,0.351852,0,0,5.89315,uniform,358578,1.45762e+06,406.5,OK
Backbone,3257.lgf,raecke_ckr_mendel,27,128,139,39,0,108,0.351852,0,0,5.89315,bimodal,48479.8,224137,462.331,OK
Backbone,3257.lgf,raecke_ckr_mendel,27,128,139,39,0,108,0.351852,0,0,5.89315,gaussian,525565,1.72071e+06,327.403,OK
Backbone,3257.lgf,raecke_ckr_mendel,27,128,139,39,0,108,0.351852,0,0,5.89315,gravity,1.88445,24.9819,1325.69,OK
Backbone,3967.lgf,electrical,21,72,10,9,0,13,0.0769231,NaN,NaN,18.6042,uniform,214554,5.38063e+06,2507.82,OK
Backbone,3967.lgf,electrical,21,72,10,9,0,13,0.0769231,NaN,NaN,18.6042,bimodal,34690.5,454887,1311.27,OK
Backbone,3967.lgf,electrical,21,72,10,9,0,13,0.0769231,NaN,NaN,18.6042,gaussian,223399,6.73131e+06,3013.14,OK
Backbone,3967.lgf,electrical,21,72,10,9,0,13,0.0769231,NaN,NaN,18.6042,gravity,1.88442,85.0575,4513.71,OK
Backbone,3967.lgf,raecke_frt,21,72,14,0,0,15,0,NaN,NaN,3.71475,uniform,214554,3.49942e+06,1631.02,OK
Backbone,3967.lgf,raecke_frt,21,72,14,0,0,15,0,NaN,NaN,3.71475,bimodal,34690.5,305061,879.379,OK
Backbone,3967.lgf,raecke_frt,21,72,14,0,0,15,0,NaN,NaN,3.71475,gaussian,223399,4.41114e+06,1974.56,OK
Backbone,3967.lgf,raecke_frt,21,72,14,0,0,15,0,NaN,NaN,3.71475,gravity,1.88442,61.2312,3249.33,OK
Backbone,3967.lgf,raecke_ckr,21,72,7,0,0,18,0,NaN,NaN,4.09097,uniform,214554,2.60531e+06,1214.29,OK
Backbone,3967.lgf,raecke_ckr,21,72,7,0,0,18,0,NaN,NaN,4.09097,bimodal,34690.5,249491,719.191,OK
Backbone,3967.lgf,raecke_ckr,21,72,7,0,0,18,0,NaN,NaN,4.09097,gaussian,223399,3.34858e+06,1498.93,OK
Backbone,3967.lgf,raecke_ckr,21,72,7,0,0,18,0,NaN,NaN,4.09097,gravity,1.88442,50.2346,2665.78,OK
Backbone,3967.lgf,raecke_random_mst,21,72,6,0,0,15,0,NaN,NaN,3.62331,uniform,214554,3.48247e+06,1623.12,OK
Backbone,3967.lgf,raecke_random_mst,21,72,6,0,0,15,0,NaN,NaN,3.62331,bimodal,34690.5,303756,875.616,OK
Backbone,3967.lgf,raecke_random_mst,21,72,6,0,0,15,0,NaN,NaN,3.62331,gaussian,223399,4.49821e+06,2013.54,OK
Backbone,3967.lgf,raecke_random_mst,21,72,6,0,0,15,0,NaN,NaN,3.62331,gravity,1.88442,62.3634,3309.41,OK
Backbone,3967.lgf,raecke_frt_mendel,21,72,58,0,0,77,0,0,0,6.27242,uniform,214554,2.29572e+06,1069.99,OK
Backbone,3967.lgf,raecke_frt_mendel,21,72,58,0,0,77,0,0,0,6.27242,bimodal,34690.5,213022,614.063,OK
Backbone,3967.lgf,raecke_frt_mendel,21,72,58,0,0,77,0,0,0,6.27242,gaussian,223399,2.92248e+06,1308.19,OK
Backbone,3967.lgf,raecke_frt_mendel,21,72,58,0,0,77,0,0,0,6.27242,gravity,1.88442,41.8157,2219.02,OK
Backbone,3967.lgf,raecke_ckr_mendel,21,72,45,0,0,66,0,0,0,8.26953,uniform,214554,2.44854e+06,1141.22,OK
Backbone,3967.lgf,raecke_ckr_mendel,21,72,45,0,0,66,0,0,0,8.26953,bimodal,34690.5,253608,731.059,OK
Backbone,3967.lgf,raecke_ckr_mendel,21,72,45,0,0,66,0,0,0,8.26953,gaussian,223399,2.99097e+06,1338.85,OK
Backbone,3967.lgf,raecke_ckr_mendel,21,72,45,0,0,66,0,0,0,8.26953,gravity,1.88442,39.9558,2120.32,OK
Backbone,6461.lgf,electrical,17,74,8,8,0,15,0,NaN,NaN,11.3559,uniform,163693,2.61974e+06,1600.4,OK
Backbone,6461.lgf,electrical,17,74,8,8,0,15,0,NaN,NaN,11.3559,bimodal,19682.6,315993,1605.44,OK
Backbone,6461.lgf,electrical,17,74,8,8,0,15,0,NaN,NaN,11.3559,gaussian,158662,3.54818e+06,2236.31,OK
Backbone,6461.lgf,electrical,17,74,8,8,0,15,0,NaN,NaN,11.3559,gravity,1.85941,54.4635,2929.08,OK
Backbone,6461.lgf,raecke_frt,17,74,23,0,0,32,0,NaN,NaN,5.14344,uniform,163693,1.24242e+06,758.995,OK
Backbone,6461.lgf,raecke_frt,17,74,23,0,0,32,0,NaN,NaN,5.14344,bimodal,19682.6,119273,605.979,OK
Backbone,6461.lgf,raecke_frt,17,74,23,0,0,32,0,NaN,NaN,5.14344,gaussian,158662,1.71898e+06,1083.42,OK
Backbone,6461.lgf,raecke_frt,17,74,23,0,0,32,0,NaN,NaN,5.14344,gravity,1.85941,25.1043,1350.12,OK
Backbone,6461.lgf,raecke_ckr,17,74,14,0,0,36,0,NaN,NaN,3.81695,uniform,163693,1.20983e+06,739.087,OK
Backbone,6461.lgf,raecke_ckr,17,74,14,0,0,36,0,NaN,NaN,3.81695,bimodal,19682.6,117797,598.483,OK
Backbone,6461.lgf,raecke_ckr,17,74,14,0,0,36,0,NaN,NaN,3.81695,gaussian,158662,1.67743e+06,1057.24,OK
Backbone,6461.lgf,raecke_ckr,17,74,14,0,0,36,0,NaN,NaN,3.81695,gravity,1.85941,24.6982,1328.28,OK
Backbone,6461.lgf,raecke_random_mst,17,74,11,0,0,34,0,NaN,NaN,7.62598,uniform,163693,1.0635e+06,649.692,OK
Backbone,6461.lgf,raecke_random_mst,17,74,11,0,0,34,0,NaN,NaN,7.62598,bimodal,19682.6,114013,579.258,OK
Backbone,6461.lgf,raecke_random_mst,17,74,11,0,0,34,0,NaN,NaN,7.62598,gaussian,158662,1.47125e+06,927.288,OK
Backbone,6461.lgf,raecke_random_mst,17,74,11,0,0,34,0,NaN,NaN,7.62598,gravity,1.85941,20.9541,1126.92,OK
Backbone,6461.lgf,raecke_frt_mendel,17,74,48,0,0,90,0,0,0,4.20488,uniform,163693,1.66474e+06,1016.99,OK
Backbone,6461.lgf,raecke_frt_mendel,17,74,48,0,0,90,0,0,0,4.20488,bimodal,19682.6,160224,814.036,OK
Backbone,6461.lgf,raecke_frt_mendel,17,74,48,0,0,90,0,0,0,4.20488,gaussian,158662,2.29089e+06,1443.88,OK
Backbone,6461.lgf,raecke_frt_mendel,17,74,48,0,0,90,0,0,0,4.20488,gravity,1.85941,32.4898,1747.32,OK
Backbone,6461.lgf,raecke_ckr_mendel,17,74,44,0,0,89,0,0,0,4.06956,uniform,163693,1.88981e+06,1154.48,OK
Backbone,6461.lgf,raecke_ckr_mendel,17,74,44,0,0,89,0,0,0,4.06956,bimodal,19682.6,183700,933.308,OK
Backbone,6461.lgf,raecke_ckr_mendel,17,74,44,0,0,89,0,0,0,4.06956,gaussian,158662,2.63693e+06,1661.98,OK
Backbone,6461.lgf,raecke_ckr_mendel,17,74,44,0,0,89,0,0,0,4.06956,gravity,1.85941,37.8847,2037.46,OK
Backbone,Arnes.lgf,electrical,41,114,30,29,0,13,2,NaN,NaN,15.7366,uniform,1.3718e+06,9.64461e+06,703.062,OK
Backbone,Arnes.lgf,electrical,41,114,30,29,0,13,2,NaN,NaN,15.7366,bimodal,205931,923351,448.379,OK
Backbone,Arnes.lgf,electrical,41,114,30,29,0,13,2,NaN,NaN,15.7366,gaussian,1.68639e+06,1.17132e+07,694.574,OK
Backbone,Arnes.lgf,electrical,41,114,30,29,0,13,2,NaN,NaN,15.7366,gravity,1.83208,44.6888,2439.25,OK
Backbone,Arnes.lgf,raecke_frt,41,114,118,85,0,24,3.54167,NaN,NaN,3.52422,uniform,1.3718e+06,8.29007e+06,604.321,OK
Backbone,Arnes.lgf,raecke_frt,41,114,118,85,0,24,3.54167,NaN,NaN,3.52422,bimodal,205931,971929,471.969,OK
Backbone,Arnes.lgf,raecke_frt,41,114,118,85,0,24,3.54167,NaN,NaN,3.52422,gaussian,1.68639e+06,1.01511e+07,601.944,OK
Backbone,Arnes.lgf,raecke_frt,41,114,118,85,0,24,3.54167,NaN,NaN,3.52422,gravity,1.83208,15.7107,857.534,OK
Backbone,Arnes.lgf,raecke_ckr,41,114,30,0,1,30,0,NaN,NaN,6.48614,uniform,1.3718e+06,9.13249e+06,665.73,OK
Backbone,Arnes.lgf,raecke_ckr,41,114,30,0,1,30,0,NaN,NaN,6.48614,bimodal,205931,924208,448.795,OK
Backbone,Arnes.lgf,raecke_ckr,41,114,30,0,1,30,0,NaN,NaN,6.48614,gaussian,1.68639e+06,1.12449e+07,666.8,OK
Backbone,Arnes.lgf,raecke_ckr,41,114,30,0,1,30,0,NaN,NaN,6.48614,gravity,1.83208,18.8904,1031.09,OK
Backbone,Arnes.lgf,raecke_random_mst,41,114,66,0,52,24,0,NaN,NaN,8.66646,uniform,1.3718e+06,1.1608e+07,846.188,OK
Backbone,Arnes.lgf,raecke_random_mst,41,114,66,0,52,24,0,NaN,NaN,8.66646,bimodal,205931,1.18538e+06,575.618,OK
Backbone,Arnes.lgf,raecke_random_mst,41,114,66,0,52,24,0,NaN,NaN,8.66646,gaussian,1.68639e+06,1.41158e+07,837.042,OK
Backbone,Arnes.lgf,raecke_random_mst,41,114,66,0,52,24,0,NaN,NaN,8.66646,gravity,1.83208,37.4505,2044.16,OK
Backbone,Arnes.lgf,raecke_frt_mendel,41,114,294,122,1,145,0.8,0,0,8.79129,uniform,1.3718e+06,1.17491e+07,856.47,OK
Backbone,Arnes.lgf,raecke_frt_mendel,41,114,294,122,1,145,0.8,0,0,8.79129,bimodal,205931,1.17013e+06,568.213,OK
Backbone,Arnes.lgf,raecke_frt_mendel,41,114,294,122,1,145,0.8,0,0,8.79129,gaussian,1.68639e+06,1.42754e+07,846.505,OK
Backbone,Arnes.lgf,raecke_frt_mendel,41,114,294,122,1,145,0.8,0,0,8.79129,gravity,1.83208,25.7277,1404.29,OK
Backbone,Arnes.lgf,raecke_ckr_mendel,41,114,230,69,0,136,0.463235,0,0,8.56151,uniform,1.3718e+06,1.12528e+07,820.294,OK
Backbone,Arnes.lgf,raecke_ckr_mendel,41,114,230,69,0,136,0.463235,0,0,8.56151,bimodal,205931,1.12557e+06,546.578,OK
Backbone,Arnes.lgf,raecke_ckr_mendel,41,114,230,69,0,136,0.463235,0,0,8.56151,gaussian,1.68639e+06,1.37242e+07,813.817,OK
Backbone,Arnes.lgf,raecke_ckr_mendel,41,114,230,69,0,136,0.463235,0,0,8.56151,gravity,1.83208,40.6537,2218.99,OK
Backbone,BBNPlanet.lgf,electrical,27,56,10,10,0,9,1,NaN,NaN,125.596,uniform,1.23068e+06,1.11537e+07,906.298,OK
Backbone,BBNPlanet.lgf,electrical,27,56,10,10,0,9,1,NaN,NaN,125.596,bimodal,172264,1.34321e+06,779.74,OK
Backbone,BBNPlanet.lgf,electrical,27,56,10,10,0,9,1,NaN,NaN,125.596,gaussian,1.40552e+06,1.28987e+07,917.716,OK
Backbone,BBNPlanet.lgf,electrical,27,56,10,10,0,9,1,NaN,NaN,125.596,gravity,1.90412,994.225,52214.4,OK
Backbone,BBNPlanet.lgf,raecke_frt,27,56,9,5,0,6,0.833333,NaN,NaN,1.9467,uniform,1.23068e+06,8.30695e+06,674.986,OK
Backbone,BBNPlanet.lgf,raecke_frt,27,56,9,5,0,6,0.833333,NaN,NaN,1.9467,bimodal,172264,1.02633e+06,595.79,OK
Backbone,BBNPlanet.lgf,raecke_frt,27,56,9,5,0,6,0.833333,NaN,NaN,1.9467,gaussian,1.40552e+06,9.85537e+06,701.189,OK
Backbone,BBNPlanet.lgf,raecke_frt,27,56,9,5,0,6,0.833333,NaN,NaN,1.9467,gravity,1.90412,749.648,39369.8,OK
Backbone,BBNPlanet.lgf,raecke_ckr,27,56,4,0,0,7,0,NaN,NaN,1.88301,uniform,1.23068e+06,8.08938e+06,657.307,OK
Backbone,BBNPlanet.lgf,raecke_ckr,27,56,4,0,0,7,0,NaN,NaN,1.88301,bimodal,172264,1.00317e+06,582.342,OK
Backbone,BBNPlanet.lgf,raecke_ckr,27,56,4,0,0,7,0,NaN,NaN,1.88301,gaussian,1.40552e+06,9.60594e+06,683.443,OK
Backbone,BBNPlanet.lgf,raecke_ckr,27,56,4,0,0,7,0,NaN,NaN,1.88301,gravity,1.90412,739.752,38850.1,OK
Backbone,BBNPlanet.lgf,raecke_random_mst,27,56,5,0,1,6,0,NaN,NaN,2,uniform,1.23068e+06,8.43174e+06,685.126,OK
Backbone,BBNPlanet.lgf,raecke_random_mst,27,56,5,0,1,6,0,NaN,NaN,2,bimodal,172264,1.09397e+06,635.052,OK
Backbone,BBNPlanet.lgf,raecke_random_mst,27,56,5,0,1,6,0,NaN,NaN,2,gaussian,1.40552e+06,1.02002e+07,725.726,OK
Backbone,BBNPlanet.lgf,raecke_random_mst,27,56,5,0,1,6,0,NaN,NaN,2,gravity,1.90412,917.777,48199.5,OK
Backbone,BBNPlanet.lgf,raecke_frt_mendel,27,56,28787,25892,0,3712,6.94585,13367,3.60102,155.309,uniform,1.23068e+06,1.64156e+07,1333.86,OK
Backbone,BBNPlanet.lgf,raecke_frt_mendel,27,56,28787,25892,0,3712,6.94585,13367,3.60102,155.309,bimodal,172264,1.92069e+06,1114.97,OK
Backbone,BBNPlanet.lgf,raecke_frt_mendel,27,56,28787,25892,0,3712,6.94585,13367,3.60102,155.309,gaussian,1.40552e+06,1.92898e+07,1372.43,OK
Backbone,BBNPlanet.lgf,raecke_frt_mendel,27,56,28787,25892,0,3712,6.94585,13367,3.60102,155.309,gravity,1.90412,1824.63,95825.3,OK
Backbone,BBNPlanet.lgf,raecke_ckr_mendel,27,56,14908,12862,0,2652,4.82089,5818,2.19382,154.774,uniform,1.23068e+06,1.63569e+07,1329.09,OK
Backbone,BBNPlanet.lgf,raecke_ckr_mendel,27,56,14908,12862,0,2652,4.82089,5818,2.19382,154.774,bimodal,172264,1.91402e+06,1111.1,OK
Backbone,BBNPlanet.lgf,raecke_ckr_mendel,27,56,14908,12862,0,2652,4.82089,5818,2.19382,154.774,gaussian,1.40552e+06,1.9221e+07,1367.54,OK
Backbone,BBNPlanet.lgf,raecke_ckr_mendel,27,56,14908,12862,0,2652,4.82089,5818,2.19382,154.774,gravity,1.90412,1818.02,95478.2,OK
Backbone,BICS.lgf,electrical,33,96,19,18,0,12,1,NaN,NaN,349.519,uniform,1.69603e+06,2.45389e+07,1446.84,OK
Backbone,BICS.lgf,electrical,33,96,19,18,0,12,1,NaN,NaN,349.519,bimodal,185810,3.14134e+06,1690.62,OK
Backbone,BICS.lgf,electrical,33,96,19,18,0,12,1,NaN,NaN,349.519,gaussian,1.81749e+06,2.71357e+07,1493.03,OK
Backbone,BICS.lgf,electrical,33,96,19,18,0,12,1,NaN,NaN,349.519,gravity,1.91676,2165.19,112961,OK
Backbone,BICS.lgf,raecke_frt,33,96,65,36,12,19,1.89474,NaN,NaN,4.48901,uniform,1.69603e+06,4.86958e+06,287.116,OK
Backbone,BICS.lgf,raecke_frt,33,96,65,36,12,19,1.89474,NaN,NaN,4.48901,bimodal,185810,520510,280.13,OK
Backbone,BICS.lgf,raecke_frt,33,96,65,36,12,19,1.89474,NaN,NaN,4.48901,gaussian,1.81749e+06,5.54674e+06,305.187,OK
Backbone,BICS.lgf,raecke_frt,33,96,65,36,12,19,1.89474,NaN,NaN,4.48901,gravity,1.91676,255.589,13334.4,OK
Backbone,BICS.lgf,raecke_ckr,33,96,31,0,11,25,0,NaN,NaN,8.83706,uniform,1.69603e+06,3.74018e+06,220.525,OK
Backbone,BICS.lgf,raecke_ckr,33,96,31,0,11,25,0,NaN,NaN,8.83706,bimodal,185810,464624,250.053,OK
Backbone,BICS.lgf,raecke_ckr,33,96,31,0,11,25,0,NaN,NaN,8.83706,gaussian,1.81749e+06,4.21109e+06,231.698,OK
Backbone,BICS.lgf,raecke_ckr,33,96,31,0,11,25,0,NaN,NaN,8.83706,gravity,1.91676,288.619,15057.6,OK
Backbone,BICS.lgf,raecke_random_mst,33,96,27,0,16,19,0,NaN,NaN,13.445,uniform,1.69603e+06,8.39383e+06,494.91,OK
Backbone,BICS.lgf,raecke_random_mst,33,96,27,0,16,19,0,NaN,NaN,13.445,bimodal,185810,866136,466.141,OK
Backbone,BICS.lgf,raecke_random_mst,33,96,27,0,16,19,0,NaN,NaN,13.445,gaussian,1.81749e+06,9.82588e+06,540.63,OK
Backbone,BICS.lgf,raecke_random_mst,33,96,27,0,16,19,0,NaN,NaN,13.445,gravity,1.91676,721.969,37666.1,OK
Backbone,BICS.lgf,raecke_frt_mendel,33,96,32993,29986,2,2925,10.2068,17386,5.94393,250.114,uniform,1.69603e+06,1.16008e+07,683.996,OK
Backbone,BICS.lgf,raecke_frt_mendel,33,96,32993,29986,2,2925,10.2068,17386,5.94393,250.114,bimodal,185810,1.39464e+06,750.572,OK
Backbone,BICS.lgf,raecke_frt_mendel,33,96,32993,29986,2,2925,10.2068,17386,5.94393,250.114,gaussian,1.81749e+06,1.29877e+07,714.597,OK
Backbone,BICS.lgf,raecke_frt_mendel,33,96,32993,29986,2,2925,10.2068,17386,5.94393,250.114,gravity,1.91676,1165.69,60815.8,OK
Backbone,BICS.lgf,raecke_ckr_mendel,33,96,19890,17395,3,2200,7.86045,9087,4.13045,252.831,uniform,1.69603e+06,1.16396e+07,686.287,OK
Backbone,BICS.lgf,raecke_ckr_mendel,33,96,19890,17395,3,2200,7.86045,9087,4.13045,252.831,bimodal,185810,1.42202e+06,765.308,OK
Backbone,BICS.lgf,raecke_ckr_mendel,33,96,19890,17395,3,2200,7.86045,9087,4.13045,252.831,gaussian,1.81749e+06,1.29532e+07,712.697,OK
Backbone,BICS.lgf,raecke_ckr_mendel,33,96,19890,17395,3,2200,7.86045,9087,4.13045,252.831,gravity,1.91676,1332.7,69528.6,OK
Backbone,BellCanada.lgf,electrical,48,128,36,35,0,13,2.07692,NaN,NaN,524.738,uniform,2.3517e+06,4.63326e+07,1970.17,OK
Backbone,BellCanada.lgf,electrical,48,128,36,35,0,13,2.07692,NaN,NaN,524.738,bimodal,284508,5.52381e+06,1941.53,OK
Backbone,BellCanada.lgf,electrical,48,128,36,35,0,13,2.07692,NaN,NaN,524.738,gaussian,2.23889e+06,5.40977e+07,2416.27,OK
Backbone,BellCanada.lgf,electrical,48,128,36,35,0,13,2.07692,NaN,NaN,524.738,gravity,1.93697,2592.58,133847,OK
Backbone,BellCanada.lgf,raecke_frt,48,128,111,84,15,15,5.46667,NaN,NaN,8.28235,uniform,2.3517e+06,2.15744e+07,917.394,OK
Backbone,BellCanada.lgf,raecke_frt,48,128,111,84,15,15,5.46667,NaN,NaN,8.28235,bimodal,284508,2.49094e+06,875.525,OK
Backbone,BellCanada.lgf,raecke_frt,48,128,111,84,15,15,5.46667,NaN,NaN,8.28235,gaussian,2.23889e+06,2.56139e+07,1144.04,OK
Backbone,BellCanada.lgf,raecke_frt,48,128,111,84,15,15,5.46667,NaN,NaN,8.28235,gravity,1.93697,1031.77,53267.5,OK
Backbone,BellCanada.lgf,raecke_ckr,48,128,21,0,13,13,0,NaN,NaN,6.71984,uniform,2.3517e+06,1.39622e+07,593.707,OK
Backbone,BellCanada.lgf,raecke_ckr,48,128,21,0,13,13,0,NaN,NaN,6.71984,bimodal,284508,1.64072e+06,576.687,OK
Backbone,BellCanada.lgf,raecke_ckr,48,128,21,0,13,13,0,NaN,NaN,6.71984,gaussian,2.23889e+06,1.65765e+07,740.386,OK
Backbone,BellCanada.lgf,raecke_ckr,48,128,21,0,13,13,0,NaN,NaN,6.71984,gravity,1.93697,667.73,34473,OK
Backbone,BellCanada.lgf,raecke_random_mst,48,128,37,0,27,12,0,NaN,NaN,30.1329,uniform,2.3517e+06,2.72153e+07,1157.26,OK
Backbone,BellCanada.lgf,raecke_random_mst,48,128,37,0,27,12,0,NaN,NaN,30.1329,bimodal,284508,3.40053e+06,1195.23,OK
Backbone,BellCanada.lgf,raecke_random_mst,48,128,37,0,27,12,0,NaN,NaN,30.1329,gaussian,2.23889e+06,3.19423e+07,1426.7,OK
Backbone,BellCanada.lgf,raecke_random_mst,48,128,37,0,27,12,0,NaN,NaN,30.1329,gravity,1.93697,1342.41,69304.8,OK
Backbone,BellCanada.lgf,raecke_frt_mendel,48,128,51068,46595,200,3069,15.1131,27733,9.03649,197.806,uniform,2.3517e+06,3.06923e+07,1305.11,OK
Backbone,BellCanada.lgf,raecke_frt_mendel,48,128,51068,46595,200,3069,15.1131,27733,9.03649,197.806,bimodal,284508,3.79207e+06,1332.85,OK
Backbone,BellCanada.lgf,raecke_frt_mendel,48,128,51068,46595,200,3069,15.1131,27733,9.03649,197.806,gaussian,2.23889e+06,3.5874e+07,1602.31,OK
Backbone,BellCanada.lgf,raecke_frt_mendel,48,128,51068,46595,200,3069,15.1131,27733,9.03649,197.806,gravity,1.93697,1791.62,92496,OK
Backbone,BellCanada.lgf,raecke_ckr_mendel,48,128,21817,18717,1794,1901,9.77591,10339,5.43872,258.708,uniform,2.3517e+06,3.13264e+07,1332.07,OK
Backbone,BellCanada.lgf,raecke_ckr_mendel,48,128,21817,18717,1794,1901,9.77591,10339,5.43872,258.708,bimodal,284508,3.86175e+06,1357.34,OK
Backbone,BellCanada.lgf,raecke_ckr_mendel,48,128,21817,18717,1794,1901,9.77591,10339,5.43872,258.708,gaussian,2.23889e+06,3.68008e+07,1643.7,OK
Backbone,BellCanada.lgf,raecke_ckr_mendel,48,128,21817,18717,1794,1901,9.77591,10339,5.43872,258.708,gravity,1.93697,1683.58,86918.5,OK
Backbone,BellSouth.lgf,electrical,51,132,40,39,0,12,3,NaN,NaN,174.118,uniform,2.52782e+06,1.81894e+07,719.566,OK
Backbone,BellSouth.lgf,electrical,51,132,40,39,0,12,3,NaN,NaN,174.118,bimodal,299131,2.38594e+06,797.624,OK
Backbone,BellSouth.lgf,electrical,51,132,40,39,0,12,3,NaN,NaN,174.118,gaussian,3.08428e+06,2.08395e+07,675.666,OK
Backbone,BellSouth.lgf,electrical,51,132,40,39,0,12,3,NaN,NaN,174.118,gravity,1.92844,651.821,33800.4,OK
Backbone,BellSouth.lgf,raecke_frt,51,132,233,182,30,23,7.78261,NaN,NaN,7.96745,uniform,2.52782e+06,1.11364e+07,440.552,OK
Backbone,BellSouth.lgf,raecke_frt,51,132,233,182,30,23,7.78261,NaN,NaN,7.96745,bimodal,299131,1.15321e+06,385.519,OK
Backbone,BellSouth.lgf,raecke_frt,51,132,233,182,30,23,7.78261,NaN,NaN,7.96745,gaussian,3.08428e+06,1.23585e+07,400.692,OK
Backbone,BellSouth.lgf,raecke_frt,51,132,233,182,30,23,7.78261,NaN,NaN,7.96745,gravity,1.92844,354.732,18394.7,OK
Backbone,BellSouth.lgf,raecke_ckr,51,132,47,0,24,23,0,NaN,NaN,12.1785,uniform,2.52782e+06,1.11364e+07,440.552,OK
Backbone,BellSouth.lgf,raecke_ckr,51,132,47,0,24,23,0,NaN,NaN,12.1785,bimodal,299131,1.15321e+06,385.519,OK
Backbone,BellSouth.lgf,raecke_ckr,51,132,47,0,24,23,0,NaN,NaN,12.1785,gaussian,3.08428e+06,1.23585e+07,400.692,OK
Backbone,BellSouth.lgf,raecke_ckr,51,132,47,0,24,23,0,NaN,NaN,12.1785,gravity,1.92844,354.732,18394.7,OK
Backbone,BellSouth.lgf,raecke_random_mst,51,132,84,0,70,24,0,NaN,NaN,23.0502,uniform,2.52782e+06,1.11364e+07,440.552,OK
Backbone,BellSouth.lgf,raecke_random_mst,51,132,84,0,70,24,0,NaN,NaN,23.0502,bimodal,299131,1.15321e+06,385.519,OK
Backbone,BellSouth.lgf,raecke_random_mst,51,132,84,0,70,24,0,NaN,NaN,23.0502,gaussian,3.08428e+06,1.23585e+07,400.692,OK
Backbone,BellSouth.lgf,raecke_random_mst,51,132,84,0,70,24,0,NaN,NaN,23.0502,gravity,1.92844,426.747,22129.1,OK
Backbone,BellSouth.lgf,raecke_frt_mendel,51,132,1795,1200,6,422,2.7654,44,0.104265,161.576,uniform,2.52782e+06,1.11364e+07,440.552,OK
Backbone,BellSouth.lgf,raecke_frt_mendel,51,132,1795,1200,6,422,2.7654,44,0.104265,161.576,bimodal,299131,1.15321e+06,385.519,OK
Backbone,BellSouth.lgf,raecke_frt_mendel,51,132,1795,1200,6,422,2.7654,44,0.104265,161.576,gaussian,3.08428e+06,1.23585e+07,400.692,OK
Backbone,BellSouth.lgf,raecke_frt_mendel,51,132,1795,1200,6,422,2.7654,44,0.104265,161.576,gravity,1.92844,357.081,18516.6,OK
Backbone,BellSouth.lgf,raecke_ckr_mendel,51,132,1643,1046,0,441,2.30385,75,0.170068,146.447,uniform,2.52782e+06,1.11364e+07,440.552,OK
Backbone,BellSouth.lgf,raecke_ckr_mendel,51,132,1643,1046,0,441,2.30385,75,0.170068,146.447,bimodal,299131,1.15321e+06,385.519,OK
Backbone,BellSouth.lgf,raecke_ckr_mendel,51,132,1643,1046,0,441,2.30385,75,0.170068,146.447,gaussian,3.08428e+06,1.23585e+07,400.692,OK
Backbone,BellSouth.lgf,raecke_ckr_mendel,51,132,1643,1046,0,441,2.30385,75,0.170068,146.447,gravity,1.92844,354.732,18394.7,OK
Backbone,Bestel.lgf,electrical,84,186,74,73,0,13,5.07692,NaN,NaN,152.05,uniform,2.54171e+06,1.03754e+08,4082.04,OK
Backbone,Bestel.lgf,electrical,84,186,74,73,0,13,5.07692,NaN,NaN,152.05,bimodal,402149,1.24564e+07,3097.47,OK
Backbone,Bestel.lgf,electrical,84,186,74,73,0,13,5.07692,NaN,NaN,152.05,gaussian,3.21581e+06,1.23591e+08,3843.24,OK
Backbone,Bestel.lgf,electrical,84,186,74,73,0,13,5.07692,NaN,NaN,152.05,gravity,1.96204,2018.08,102856,OK
Backbone,Bestel.lgf,raecke_frt,84,186,672,500,154,18,27.6111,NaN,NaN,10.1134,uniform,2.54171e+06,1.35169e+08,5318.06,OK
Backbone,Bestel.lgf,raecke_frt,84,186,672,500,154,18,27.6111,NaN,NaN,10.1134,bimodal,402149,1.59263e+07,3960.29,OK
Backbone,Bestel.lgf,raecke_frt,84,186,672,500,154,18,27.6111,NaN,NaN,10.1134,gaussian,3.21581e+06,1.60135e+08,4979.62,OK
Backbone,Bestel.lgf,raecke_frt,84,186,672,500,154,18,27.6111,NaN,NaN,10.1134,gravity,1.96204,2658.83,135513,OK
Backbone,Bestel.lgf,raecke_ckr,84,186,143,0,122,17,0,NaN,NaN,10.2326,uniform,2.54171e+06,1.26247e+08,4967,OK
Backbone,Bestel.lgf,raecke_ckr,84,186,143,0,122,17,0,NaN,NaN,10.2326,bimodal,402149,1.50634e+07,3745.72,OK
Backbone,Bestel.lgf,raecke_ckr,84,186,143,0,122,17,0,NaN,NaN,10.2326,gaussian,3.21581e+06,1.49246e+08,4641,OK
Backbone,Bestel.lgf,raecke_ckr,84,186,143,0,122,17,0,NaN,NaN,10.2326,gravity,1.96204,2197.16,111983,OK
Backbone,Bestel.lgf,raecke_random_mst,84,186,262,0,248,20,0,NaN,NaN,16.0051,uniform,2.54171e+06,9.13969e+07,3595.88,OK
Backbone,Bestel.lgf,raecke_random_mst,84,186,262,0,248,20,0,NaN,NaN,16.0051,bimodal,402149,1.08816e+07,2705.87,OK
Backbone,Bestel.lgf,raecke_random_mst,84,186,262,0,248,20,0,NaN,NaN,16.0051,gaussian,3.21581e+06,1.08454e+08,3372.51,OK
Backbone,Bestel.lgf,raecke_random_mst,84,186,262,0,248,20,0,NaN,NaN,16.0051,gravity,1.96204,2076.92,105855,OK
Backbone,Bestel.lgf,raecke_frt_mendel,84,186,31771,22860,7474,1769,12.8293,11074,6.26003,263.59,uniform,2.54171e+06,1.32698e+08,5220.81,OK
Backbone,Bestel.lgf,raecke_frt_mendel,84,186,31771,22860,7474,1769,12.8293,11074,6.26003,263.59,bimodal,402149,1.5164e+07,3770.74,OK
Backbone,Bestel.lgf,raecke_frt_mendel,84,186,31771,22860,7474,1769,12.8293,11074,6.26003,263.59,gaussian,3.21581e+06,1.57939e+08,4911.31,OK
Backbone,Bestel.lgf,raecke_frt_mendel,84,186,31771,22860,7474,1769,12.8293,11074,6.26003,263.59,gravity,1.96204,3321.06,169265,OK
Backbone,Bestel.lgf,raecke_ckr_mendel,84,186,25980,17590,6856,1635,10.6648,9125,5.58104,135.666,uniform,2.54171e+06,1.29514e+08,5095.57,OK
Backbone,Bestel.lgf,raecke_ckr_mendel,84,186,25980,17590,6856,1635,10.6648,9125,5.58104,135.666,bimodal,402149,1.48625e+07,3695.78,OK
Backbone,Bestel.lgf,raecke_ckr_mendel,84,186,25980,17590,6856,1635,10.6648,9125,5.58104,135.666,gaussian,3.21581e+06,1.54461e+08,4803.18,OK
Backbone,Bestel.lgf,raecke_ckr_mendel,84,186,25980,17590,6856,1635,10.6648,9125,5.58104,135.666,gravity,1.96204,3241.48,165209,OK
Backbone,BtEurope.lgf,electrical,24,74,12,12,0,12,0.75,NaN,NaN,149.101,uniform,1.14098e+06,2.46023e+06,215.624,OK
Backbone,BtEurope.lgf,electrical,24,74,12,12,0,12,0.75,NaN,NaN,149.101,bimodal,236339,396814,167.9,OK
Backbone,BtEurope.lgf,electrical,24,74,12,12,0,12,0.75,NaN,NaN,149.101,gaussian,1.80933e+06,2.85154e+06,157.603,OK
Backbone,BtEurope.lgf,electrical,24,74,12,12,0,12,0.75,NaN,NaN,149.101,gravity,1.77981,319.731,17964.3,OK
Backbone,BtEurope.lgf,raecke_frt,24,74,11,5,0,10,0.5,NaN,NaN,9.54642,uniform,1.14098e+06,2.31145e+06,202.584,OK
Backbone,BtEurope.lgf,raecke_frt,24,74,11,5,0,10,0.5,NaN,NaN,9.54642,bimodal,236339,369962,156.538,OK
Backbone,BtEurope.lgf,raecke_frt,24,74,11,5,0,10,0.5,NaN,NaN,9.54642,gaussian,1.80933e+06,2.93074e+06,161.979,OK
Backbone,BtEurope.lgf,raecke_frt,24,74,11,5,0,10,0.5,NaN,NaN,9.54642,gravity,1.77981,180.117,10120,OK
Backbone,BtEurope.lgf,raecke_ckr,24,74,5,0,0,13,0,NaN,NaN,15.6552,uniform,1.14098e+06,2.36902e+06,207.63,OK
Backbone,BtEurope.lgf,raecke_ckr,24,74,5,0,0,13,0,NaN,NaN,15.6552,bimodal,236339,370905,156.937,OK
Backbone,BtEurope.lgf,raecke_ckr,24,74,5,0,0,13,0,NaN,NaN,15.6552,gaussian,1.80933e+06,2.93074e+06,161.979,OK
Backbone,BtEurope.lgf,raecke_ckr,24,74,5,0,0,13,0,NaN,NaN,15.6552,gravity,1.77981,291.126,16357.1,OK
Backbone,BtEurope.lgf,raecke_random_mst,24,74,6,0,0,8,0,NaN,NaN,4.86508,uniform,1.14098e+06,2.31145e+06,202.584,OK
Backbone,BtEurope.lgf,raecke_random_mst,24,74,6,0,0,8,0,NaN,NaN,4.86508,bimodal,236339,369962,156.538,OK
Backbone,BtEurope.lgf,raecke_random_mst,24,74,6,0,0,8,0,NaN,NaN,4.86508,gaussian,1.80933e+06,2.93074e+06,161.979,OK
Backbone,BtEurope.lgf,raecke_random_mst,24,74,6,0,0,8,0,NaN,NaN,4.86508,gravity,1.77981,38.7374,2176.49,OK
Backbone,BtEurope.lgf,raecke_frt_mendel,24,74,119,11,0,137,0.0510949,0,0,9.90187,uniform,1.14098e+06,2.72899e+06,239.178,OK
Backbone,BtEurope.lgf,raecke_frt_mendel,24,74,119,11,0,137,0.0510949,0,0,9.90187,bimodal,236339,393131,166.342,OK
Backbone,BtEurope.lgf,raecke_frt_mendel,24,74,119,11,0,137,0.0510949,0,0,9.90187,gaussian,1.80933e+06,3.13362e+06,173.193,OK
Backbone,BtEurope.lgf,raecke_frt_mendel,24,74,119,11,0,137,0.0510949,0,0,9.90187,gravity,1.77981,289.88,16287.1,OK
Backbone,BtEurope.lgf,raecke_ckr_mendel,24,74,97,0,0,130,0,0,0,45.1071,uniform,1.14098e+06,5.97938e+06,524.055,OK
Backbone,BtEurope.lgf,raecke_ckr_mendel,24,74,97,0,0,130,0,0,0,45.1071,bimodal,236339,844106,357.159,OK
Backbone,BtEurope.lgf,raecke_ckr_mendel,24,74,97,0,0,130,0,0,0,45.1071,gaussian,1.80933e+06,6.8197e+06,376.919,OK
Backbone,BtEurope.lgf,raecke_ckr_mendel,24,74,97,0,0,130,0,0,0,45.1071,gravity,1.77981,602.809,33869.3,OK
Backbone,BtNorthAmerica.lgf,electrical,36,152,33,32,0,16,2,NaN,NaN,497.331,uniform,615836,1.36236e+07,2212.21,OK
Backbone,BtNorthAmerica.lgf,electrical,36,152,33,32,0,16,2,NaN,NaN,497.331,bimodal,86753.7,1.77236e+06,2042.98,OK
Backbone,BtNorthAmerica.lgf,electrical,36,152,33,32,0,16,2,NaN,NaN,497.331,gaussian,739966,1.57216e+07,2124.64,OK
Backbone,BtNorthAmerica.lgf,electrical,36,152,33,32,0,16,2,NaN,NaN,497.331,gravity,1.91515,1284.48,67069.3,OK
Backbone,BtNorthAmerica.lgf,raecke_frt,36,152,151,95,28,34,2.79412,NaN,NaN,10.1555,uniform,615836,2.46954e+06,401.007,OK
Backbone,BtNorthAmerica.lgf,raecke_frt,36,152,151,95,28,34,2.79412,NaN,NaN,10.1555,bimodal,86753.7,332715,383.517,OK
Backbone,BtNorthAmerica.lgf,raecke_frt,36,152,151,95,28,34,2.79412,NaN,NaN,10.1555,gaussian,739966,2.82131e+06,381.276,OK
Backbone,BtNorthAmerica.lgf,raecke_frt,36,152,151,95,28,34,2.79412,NaN,NaN,10.1555,gravity,1.91515,174.719,9123.01,OK
Backbone,BtNorthAmerica.lgf,raecke_ckr,36,152,55,0,27,39,0,NaN,NaN,13.9381,uniform,615836,4.00681e+06,650.63,OK
Backbone,BtNorthAmerica.lgf,raecke_ckr,36,152,55,0,27,39,0,NaN,NaN,13.9381,bimodal,86753.7,476220,548.933,OK
Backbone,BtNorthAmerica.lgf,raecke_ckr,36,152,55,0,27,39,0,NaN,NaN,13.9381,gaussian,739966,4.78789e+06,647.042,OK
Backbone,BtNorthAmerica.lgf,raecke_ckr,36,152,55,0,27,39,0,NaN,NaN,13.9381,gravity,1.91515,276.283,14426.2,OK
Backbone,BtNorthAmerica.lgf,raecke_random_mst,36,152,47,0,32,27,0,NaN,NaN,9.10931,uniform,615836,5.89355e+06,957,OK
Backbone,BtNorthAmerica.lgf,raecke_random_mst,36,152,47,0,32,27,0,NaN,NaN,9.10931,bimodal,86753.7,772509,890.462,OK
Backbone,BtNorthAmerica.lgf,raecke_random_mst,36,152,47,0,32,27,0,NaN,NaN,9.10931,gaussian,739966,6.99919e+06,945.881,OK
Backbone,BtNorthAmerica.lgf,raecke_random_mst,36,152,47,0,32,27,0,NaN,NaN,9.10931,gravity,1.91515,372.54,19452.3,OK
Backbone,BtNorthAmerica.lgf,raecke_frt_mendel,36,152,8441,7030,218,997,6.98295,2854,2.86259,74.1673,uniform,615836,6.22636e+06,1011.04,OK
Backbone,BtNorthAmerica.lgf,raecke_frt_mendel,36,152,8441,7030,218,997,6.98295,2854,2.86259,74.1673,bimodal,86753.7,758794,874.653,OK
Backbone,BtNorthAmerica.lgf,raecke_frt_mendel,36,152,8441,7030,218,997,6.98295,2854,2.86259,74.1673,gaussian,739966,7.41126e+06,1001.57,OK
Backbone,BtNorthAmerica.lgf,raecke_frt_mendel,36,152,8441,7030,218,997,6.98295,2854,2.86259,74.1673,gravity,1.91515,358.407,18714.3,OK
Backbone,BtNorthAmerica.lgf,raecke_ckr_mendel,36,152,7079,5758,282,911,6.26674,2248,2.46762,73.0609,uniform,615836,5.0758e+06,824.213,OK
Backbone,BtNorthAmerica.lgf,raecke_ckr_mendel,36,152,7079,5758,282,911,6.26674,2248,2.46762,73.0609,bimodal,86753.7,618929,713.433,OK
Backbone,BtNorthAmerica.lgf,raecke_ckr_mendel,36,152,7079,5758,282,911,6.26674,2248,2.46762,73.0609,gaussian,739966,6.05323e+06,818.042,OK
Backbone,BtNorthAmerica.lgf,raecke_ckr_mendel,36,152,7079,5758,282,911,6.26674,2248,2.46762,73.0609,gravity,1.91515,239.89,12525.9,OK
Backbone,Carnet.lgf,electrical,44,86,14,14,0,10,1,NaN,NaN,1.008,uniform,7.2005e+08,1.31225e+09,182.244,OK
Backbone,Carnet.lgf,electrical,44,86,14,14,0,10,1,NaN,NaN,1.008,bimodal,1.55767e+08,1.64827e+08,105.816,OK
Backbone,Carnet.lgf,electrical,44,86,14,14,0,10,1,NaN,NaN,1.008,gaussian,1.0158e+09,1.6994e+09,167.297,OK
Backbone,Carnet.lgf,electrical,44,86,14,14,0,10,1,NaN,NaN,1.008,gravity,1.55058,4.18151,269.674,OK
Backbone,Carnet.lgf,raecke_frt,44,86,18,16,0,3,5.33333,NaN,NaN,1,uniform,7.2005e+08,1.35565e+09,188.272,OK
Backbone,Carnet.lgf,raecke_frt,44,86,18,16,0,3,5.33333,NaN,NaN,1,bimodal,1.55767e+08,2.08684e+08,133.972,OK
Backbone,Carnet.lgf,raecke_frt,44,86,18,16,0,3,5.33333,NaN,NaN,1,gaussian,1.0158e+09,1.76792e+09,174.042,OK
Backbone,Carnet.lgf,raecke_frt,44,86,18,16,0,3,5.33333,NaN,NaN,1,gravity,1.55058,7.44743,480.3,OK
Backbone,Carnet.lgf,raecke_ckr,44,86,2,0,0,3,0,NaN,NaN,1,uniform,7.2005e+08,1.35565e+09,188.272,OK
Backbone,Carnet.lgf,raecke_ckr,44,86,2,0,0,3,0,NaN,NaN,1,bimodal,1.55767e+08,2.08684e+08,133.972,OK
Backbone,Carnet.lgf,raecke_ckr,44,86,2,0,0,3,0,NaN,NaN,1,gaussian,1.0158e+09,1.76792e+09,174.042,OK
Backbone,Carnet.lgf,raecke_ckr,44,86,2,0,0,3,0,NaN,NaN,1,gravity,1.55058,7.44743,480.3,OK
Backbone,Carnet.lgf,raecke_random_mst,44,86,8,0,6,3,0,NaN,NaN,1,uniform,7.2005e+08,1.35565e+09,188.272,OK
Backbone,Carnet.lgf,raecke_random_mst,44,86,8,0,6,3,0,NaN,NaN,1,bimodal,1.55767e+08,2.08684e+08,133.972,OK
Backbone,Carnet.lgf,raecke_random_mst,44,86,8,0,6,3,0,NaN,NaN,1,gaussian,1.0158e+09,1.76792e+09,174.042,OK
Backbone,Carnet.lgf,raecke_random_mst,44,86,8,0,6,3,0,NaN,NaN,1,gravity,1.55058,7.44743,480.3,OK
Backbone,Carnet.lgf,raecke_frt_mendel,44,86,4,0,0,4,0,0,0,1,uniform,7.2005e+08,1.35565e+09,188.272,OK
Backbone,Carnet.lgf,raecke_frt_mendel,44,86,4,0,0,4,0,0,0,1,bimodal,1.55767e+08,2.08684e+08,133.972,OK
Backbone,Carnet.lgf,raecke_frt_mendel,44,86,4,0,0,4,0,0,0,1,gaussian,1.0158e+09,1.76792e+09,174.042,OK
Backbone,Carnet.lgf,raecke_frt_mendel,44,86,4,0,0,4,0,0,0,1,gravity,1.55058,7.44743,480.3,OK
Backbone,Carnet.lgf,raecke_ckr_mendel,44,86,3,0,0,4,0,0,0,1,uniform,7.2005e+08,1.35565e+09,188.272,OK
Backbone,Carnet.lgf,raecke_ckr_mendel,44,86,3,0,0,4,0,0,0,1,bimodal,1.55767e+08,2.08684e+08,133.972,OK
Backbone,Carnet.lgf,raecke_ckr_mendel,44,86,3,0,0,4,0,0,0,1,gaussian,1.0158e+09,1.76792e+09,174.042,OK
Backbone,Carnet.lgf,raecke_ckr_mendel,44,86,3,0,0,4,0,0,0,1,gravity,1.55058,7.44743,480.3,OK
Backbone,ChinaTelecom.lgf,electrical,42,132,36,36,0,14,2.07143,NaN,NaN,157.335,uniform,2.13985e+06,9.08059e+06,424.356,OK
Backbone,ChinaTelecom.lgf,electrical,42,132,36,36,0,14,2.07143,NaN,NaN,157.335,bimodal,279562,1.1254e+06,402.557,OK
Backbone,ChinaTelecom.lgf,electrical,42,132,36,36,0,14,2.07143,NaN,NaN,157.335,gaussian,2.96678e+06,1.00387e+07,338.369,OK
Backbone,ChinaTelecom.lgf,electrical,42,132,36,36,0,14,2.07143,NaN,NaN,157.335,gravity,1.83924,717.027,38985,OK
Backbone,ChinaTelecom.lgf,raecke_frt,42,132,151,112,22,23,4.86957,NaN,NaN,31.043,uniform,2.13985e+06,6.81499e+06,318.48,OK
Backbone,ChinaTelecom.lgf,raecke_frt,42,132,151,112,22,23,4.86957,NaN,NaN,31.043,bimodal,279562,876953,313.688,OK
Backbone,ChinaTelecom.lgf,raecke_frt,42,132,151,112,22,23,4.86957,NaN,NaN,31.043,gaussian,2.96678e+06,7.89222e+06,266.02,OK
Backbone,ChinaTelecom.lgf,raecke_frt,42,132,151,112,22,23,4.86957,NaN,NaN,31.043,gravity,1.83924,451.22,24533,OK
Backbone,ChinaTelecom.lgf,raecke_ckr,42,132,37,0,22,24,0,NaN,NaN,28.4382,uniform,2.13985e+06,4.06037e+06,189.75,OK
Backbone,ChinaTelecom.lgf,raecke_ckr,42,132,37,0,22,24,0,NaN,NaN,28.4382,bimodal,279562,700532,250.582,OK
Backbone,ChinaTelecom.lgf,raecke_ckr,42,132,37,0,22,24,0,NaN,NaN,28.4382,gaussian,2.96678e+06,4.98681e+06,168.088,OK
Backbone,ChinaTelecom.lgf,raecke_ckr,42,132,37,0,22,24,0,NaN,NaN,28.4382,gravity,1.83924,243.694,13249.7,OK
Backbone,ChinaTelecom.lgf,raecke_random_mst,42,132,81,0,67,19,0,NaN,NaN,33.1448,uniform,2.13985e+06,5.01813e+06,234.508,OK
Backbone,ChinaTelecom.lgf,raecke_random_mst,42,132,81,0,67,19,0,NaN,NaN,33.1448,bimodal,279562,700532,250.582,OK
Backbone,ChinaTelecom.lgf,raecke_random_mst,42,132,81,0,67,19,0,NaN,NaN,33.1448,gaussian,2.96678e+06,5.33511e+06,179.828,OK
Backbone,ChinaTelecom.lgf,raecke_random_mst,42,132,81,0,67,19,0,NaN,NaN,33.1448,gravity,1.83924,285.487,15522,OK
Backbone,ChinaTelecom.lgf,raecke_frt_mendel,42,132,47916,44897,2,2954,15.1442,27945,9.46005,346.534,uniform,2.13985e+06,2.25935e+07,1055.84,OK
Backbone,ChinaTelecom.lgf,raecke_frt_mendel,42,132,47916,44897,2,2954,15.1442,27945,9.46005,346.534,bimodal,279562,2.88885e+06,1033.35,OK
Backbone,ChinaTelecom.lgf,raecke_frt_mendel,42,132,47916,44897,2,2954,15.1442,27945,9.46005,346.534,gaussian,2.96678e+06,2.76753e+07,932.839,OK
Backbone,ChinaTelecom.lgf,raecke_frt_mendel,42,132,47916,44897,2,2954,15.1442,27945,9.46005,346.534,gravity,1.83924,1365.08,74220,OK
Backbone,ChinaTelecom.lgf,raecke_ckr_mendel,42,132,40788,37851,0,2727,13.8247,23351,8.56289,347.407,uniform,2.13985e+06,2.46828e+07,1153.48,OK
Backbone,ChinaTelecom.lgf,raecke_ckr_mendel,42,132,40788,37851,0,2727,13.8247,23351,8.56289,347.407,bimodal,279562,3.13939e+06,1122.97,OK
Backbone,ChinaTelecom.lgf,raecke_ckr_mendel,42,132,40788,37851,0,2727,13.8247,23351,8.56289,347.407,gaussian,2.96678e+06,3.01345e+07,1015.73,OK
Backbone,ChinaTelecom.lgf,raecke_ckr_mendel,42,132,40788,37851,0,2727,13.8247,23351,8.56289,347.407,gravity,1.83924,1739.06,94553.6,OK
Backbone,Cudi.lgf,electrical,51,104,32,31,0,11,2.09091,NaN,NaN,23.4871,uniform,1.5277e+07,2.814e+07,184.198,OK
Backbone,Cudi.lgf,electrical,51,104,32,31,0,11,2.09091,NaN,NaN,23.4871,bimodal,1.86104e+06,2.48136e+06,133.332,OK
Backbone,Cudi.lgf,electrical,51,104,32,31,0,11,2.09091,NaN,NaN,23.4871,gaussian,1.54272e+07,3.01468e+07,195.413,OK
Backbone,Cudi.lgf,electrical,51,104,32,31,0,11,2.09091,NaN,NaN,23.4871,gravity,1.84642,70.6952,3828.77,OK
Backbone,Cudi.lgf,raecke_frt,51,104,38,31,0,6,5.16667,NaN,NaN,2.3339,uniform,1.5277e+07,3.0954e+07,202.618,OK
Backbone,Cudi.lgf,raecke_frt,51,104,38,31,0,6,5.16667,NaN,NaN,2.3339,bimodal,1.86104e+06,2.48136e+06,133.332,OK
Backbone,Cudi.lgf,raecke_frt,51,104,38,31,0,6,5.16667,NaN,NaN,2.3339,gaussian,1.54272e+07,3.31615e+07,214.955,OK
Backbone,Cudi.lgf,raecke_frt,51,104,38,31,0,6,5.16667,NaN,NaN,2.3339,gravity,1.84642,40.7457,2206.73,OK
Backbone,Cudi.lgf,raecke_ckr,51,104,6,0,0,6,0,NaN,NaN,2.0709,uniform,1.5277e+07,3.0954e+07,202.618,OK
Backbone,Cudi.lgf,raecke_ckr,51,104,6,0,0,6,0,NaN,NaN,2.0709,bimodal,1.86104e+06,2.48136e+06,133.332,OK
Backbone,Cudi.lgf,raecke_ckr,51,104,6,0,0,6,0,NaN,NaN,2.0709,gaussian,1.54272e+07,3.31615e+07,214.955,OK
Backbone,Cudi.lgf,raecke_ckr,51,104,6,0,0,6,0,NaN,NaN,2.0709,gravity,1.84642,40.7457,2206.73,OK
Backbone,Cudi.lgf,raecke_random_mst,51,104,24,0,21,6,0,NaN,NaN,1.63148,uniform,1.5277e+07,3.0954e+07,202.618,OK
Backbone,Cudi.lgf,raecke_random_mst,51,104,24,0,21,6,0,NaN,NaN,1.63148,bimodal,1.86104e+06,2.48136e+06,133.332,OK
Backbone,Cudi.lgf,raecke_random_mst,51,104,24,0,21,6,0,NaN,NaN,1.63148,gaussian,1.54272e+07,3.31615e+07,214.955,OK
Backbone,Cudi.lgf,raecke_random_mst,51,104,24,0,21,6,0,NaN,NaN,1.63148,gravity,1.84642,40.7457,2206.73,OK
Backbone,Cudi.lgf,raecke_frt_mendel,51,104,44,13,0,25,0.48,0,0,8.17384,uniform,1.5277e+07,3.0954e+07,202.618,OK
Backbone,Cudi.lgf,raecke_frt_mendel,51,104,44,13,0,25,0.48,0,0,8.17384,bimodal,1.86104e+06,2.48136e+06,133.332,OK
Backbone,Cudi.lgf,raecke_frt_mendel,51,104,44,13,0,25,0.48,0,0,8.17384,gaussian,1.54272e+07,3.31615e+07,214.955,OK
Backbone,Cudi.lgf,raecke_frt_mendel,51,104,44,13,0,25,0.48,0,0,8.17384,gravity,1.84642,40.7457,2206.73,OK
Backbone,Cudi.lgf,raecke_ckr_mendel,51,104,30,0,0,26,0,0,0,11.8837,uniform,1.5277e+07,3.0954e+07,202.618,OK
Backbone,Cudi.lgf,raecke_ckr_mendel,51,104,30,0,0,26,0,0,0,11.8837,bimodal,1.86104e+06,2.48136e+06,133.332,OK
Backbone,Cudi.lgf,raecke_ckr_mendel,51,104,30,0,0,26,0,0,0,11.8837,gaussian,1.54272e+07,3.31615e+07,214.955,OK
Backbone,Cudi.lgf,raecke_ckr_mendel,51,104,30,0,0,26,0,0,0,11.8837,gravity,1.84642,66.0622,3577.85,OK
Backbone,Deltacom.lgf,electrical,113,322,151,148,0,16,8.75,NaN,NaN,735.898,uniform,5.32158e+07,2.19571e+09,4126.06,OK
Backbone,Deltacom.lgf,electrical,113,322,151,148,0,16,8.75,NaN,NaN,735.898,bimodal,6.35553e+06,2.49477e+08,3925.35,OK
Backbone,Deltacom.lgf,electrical,113,322,151,148,0,16,8.75,NaN,NaN,735.898,gaussian,6.34655e+07,2.66631e+09,4201.2,OK
Backbone,Deltacom.lgf,electrical,113,322,151,148,0,16,8.75,NaN,NaN,735.898,gravity,1.96954,4660.07,236607,OK
Backbone,Deltacom.lgf,raecke_frt,113,322,2715,2338,343,36,64.7222,NaN,NaN,13.2836,uniform,5.32158e+07,6.73043e+08,1264.74,OK
Backbone,Deltacom.lgf,raecke_frt,113,322,2715,2338,343,36,64.7222,NaN,NaN,13.2836,bimodal,6.35553e+06,7.60911e+07,1197.24,OK
Backbone,Deltacom.lgf,raecke_frt,113,322,2715,2338,343,36,64.7222,NaN,NaN,13.2836,gaussian,6.34655e+07,7.91875e+08,1247.73,OK
Backbone,Deltacom.lgf,raecke_frt,113,322,2715,2338,343,36,64.7222,NaN,NaN,13.2836,gravity,1.96954,1455.93,73922.2,OK
Backbone,Deltacom.lgf,raecke_ckr,113,322,379,36,309,35,1,NaN,NaN,5.52012,uniform,5.32158e+07,6.79673e+08,1277.2,OK
Backbone,Deltacom.lgf,raecke_ckr,113,322,379,36,309,35,1,NaN,NaN,5.52012,bimodal,6.35553e+06,8.06837e+07,1269.5,OK
Backbone,Deltacom.lgf,raecke_ckr,113,322,379,36,309,35,1,NaN,NaN,5.52012,gaussian,6.34655e+07,8.11398e+08,1278.49,OK
Backbone,Deltacom.lgf,raecke_ckr,113,322,379,36,309,35,1,NaN,NaN,5.52012,gravity,1.96954,1683.07,85455.1,OK
Backbone,Deltacom.lgf,raecke_random_mst,113,322,646,0,631,19,0,NaN,NaN,21.9859,uniform,5.32158e+07,7.92358e+08,1488.95,OK
Backbone,Deltacom.lgf,raecke_random_mst,113,322,646,0,631,19,0,NaN,NaN,21.9859,bimodal,6.35553e+06,9.34463e+07,1470.31,OK
Backbone,Deltacom.lgf,raecke_random_mst,113,322,646,0,631,19,0,NaN,NaN,21.9859,gaussian,6.34655e+07,9.50747e+08,1498.05,OK
Backbone,Deltacom.lgf,raecke_random_mst,113,322,646,0,631,19,0,NaN,NaN,21.9859,gravity,1.96954,1974.78,100266,OK
Backbone,Deltacom.lgf,raecke_frt_mendel,113,322,134715,112507,19319,2948,37.9817,72374,24.5502,330.588,uniform,5.32158e+07,1.27107e+09,2388.51,OK
Backbone,Deltacom.lgf,raecke_frt_mendel,113,322,134715,112507,19319,2948,37.9817,72374,24.5502,330.588,bimodal,6.35553e+06,1.46799e+08,2309.78,OK
Backbone,Deltacom.lgf,raecke_frt_mendel,113,322,134715,112507,19319,2948,37.9817,72374,24.5502,330.588,gaussian,6.34655e+07,1.5037e+09,2369.32,OK
Backbone,Deltacom.lgf,raecke_frt_mendel,113,322,134715,112507,19319,2948,37.9817,72374,24.5502,330.588,gravity,1.96954,3168.5,160875,OK
Backbone,Deltacom.lgf,raecke_ckr_mendel,113,322,361859,324348,32511,5003,64.6514,264625,52.8933,293.767,uniform,5.32158e+07,1.27473e+09,2395.4,OK
Backbone,Deltacom.lgf,raecke_ckr_mendel,113,322,361859,324348,32511,5003,64.6514,264625,52.8933,293.767,bimodal,6.35553e+06,1.46931e+08,2311.86,OK
Backbone,Deltacom.lgf,raecke_ckr_mendel,113,322,361859,324348,32511,5003,64.6514,264625,52.8933,293.767,gaussian,6.34655e+07,1.50923e+09,2378.04,OK
Backbone,Deltacom.lgf,raecke_ckr_mendel,113,322,361859,324348,32511,5003,64.6514,264625,52.8933,293.767,gravity,1.96954,3091.06,156943,OK
Backbone,Digex.lgf,electrical,31,70,13,13,0,10,1,NaN,NaN,120.119,uniform,655746,1.52913e+07,2331.89,OK
Backbone,Digex.lgf,electrical,31,70,13,13,0,10,1,NaN,NaN,120.119,bimodal,95097.3,1.57929e+06,1660.71,OK
Backbone,Digex.lgf,electrical,31,70,13,13,0,10,1,NaN,NaN,120.119,gaussian,817167,1.83801e+07,2249.25,OK
Backbone,Digex.lgf,electrical,31,70,13,13,0,10,1,NaN,NaN,120.119,gravity,1.90539,1001.78,52576.2,OK
Backbone,Digex.lgf,raecke_frt,31,70,26,16,0,10,1.6,NaN,NaN,3.18495,uniform,655746,1.08656e+07,1656.98,OK
Backbone,Digex.lgf,raecke_frt,31,70,26,16,0,10,1.6,NaN,NaN,3.18495,bimodal,95097.3,1.18185e+06,1242.78,OK
Backbone,Digex.lgf,raecke_frt,31,70,26,16,0,10,1.6,NaN,NaN,3.18495,gaussian,817167,1.27855e+07,1564.62,OK
Backbone,Digex.lgf,raecke_frt,31,70,26,16,0,10,1.6,NaN,NaN,3.18495,gravity,1.90539,957.019,50227,OK
Backbone,Digex.lgf,raecke_ckr,31,70,9,0,0,11,0,NaN,NaN,3.87587,uniform,655746,1.05684e+07,1611.66,OK
Backbone,Digex.lgf,raecke_ckr,31,70,9,0,0,11,0,NaN,NaN,3.87587,bimodal,95097.3,1.04911e+06,1103.19,OK
Backbone,Digex.lgf,raecke_ckr,31,70,9,0,0,11,0,NaN,NaN,3.87587,gaussian,817167,1.26113e+07,1543.29,OK
Backbone,Digex.lgf,raecke_ckr,31,70,9,0,0,11,0,NaN,NaN,3.87587,gravity,1.90539,745.674,39135.1,OK
Backbone,Digex.lgf,raecke_random_mst,31,70,11,0,5,11,0,NaN,NaN,23.8273,uniform,655746,9.41672e+06,1436.03,OK
Backbone,Digex.lgf,raecke_random_mst,31,70,11,0,5,11,0,NaN,NaN,23.8273,bimodal,95097.3,948351,997.242,OK
Backbone,Digex.lgf,raecke_random_mst,31,70,11,0,5,11,0,NaN,NaN,23.8273,gaussian,817167,1.10442e+07,1351.53,OK
Backbone,Digex.lgf,raecke_random_mst,31,70,11,0,5,11,0,NaN,NaN,23.8273,gravity,1.90539,739.66,38819.4,OK
Backbone,Digex.lgf,raecke_frt_mendel,31,70,2552,1689,0,882,1.89229,3,0.00340136,45.6115,uniform,655746,1.76936e+07,2698.24,OK
Backbone,Digex.lgf,raecke_frt_mendel,31,70,2552,1689,0,882,1.89229,3,0.00340136,45.6115,bimodal,95097.3,1.82425e+06,1918.3,OK
Backbone,Digex.lgf,raecke_frt_mendel,31,70,2552,1689,0,882,1.89229,3,0.00340136,45.6115,gaussian,817167,2.01745e+07,2468.83,OK
Backbone,Digex.lgf,raecke_frt_mendel,31,70,2552,1689,0,882,1.89229,3,0.00340136,45.6115,gravity,1.90539,1268.41,66569.7,OK
Backbone,Digex.lgf,raecke_ckr_mendel,31,70,3920,2651,89,1132,2.31537,294,0.259717,122.107,uniform,655746,1.06374e+07,1622.19,OK
Backbone,Digex.lgf,raecke_ckr_mendel,31,70,3920,2651,89,1132,2.31537,294,0.259717,122.107,bimodal,95097.3,1.15657e+06,1216.2,OK
Backbone,Digex.lgf,raecke_ckr_mendel,31,70,3920,2651,89,1132,2.31537,294,0.259717,122.107,gaussian,817167,1.30189e+07,1593.18,OK
Backbone,Digex.lgf,raecke_ckr_mendel,31,70,3920,2651,89,1132,2.31537,294,0.259717,122.107,gravity,1.90539,792.482,41591.7,OK
Backbone,GRNet.lgf,electrical,36,82,20,19,0,11,1.09091,NaN,NaN,5.79353,uniform,110100,491262,446.196,OK
Backbone,GRNet.lgf,electrical,36,82,20,19,0,11,1.09091,NaN,NaN,5.79353,bimodal,20258.7,50921.6,251.357,OK
Backbone,GRNet.lgf,electrical,36,82,20,19,0,11,1.09091,NaN,NaN,5.79353,gaussian,164807,568379,344.875,OK
Backbone,GRNet.lgf,electrical,36,82,20,19,0,11,1.09091,NaN,NaN,5.79353,gravity,1.78175,18.8598,1058.49,OK
Backbone,GRNet.lgf,raecke_frt,36,82,31,20,0,11,1.81818,NaN,NaN,2.74903,uniform,110100,507982,461.383,OK
Backbone,GRNet.lgf,raecke_frt,36,82,31,20,0,11,1.81818,NaN,NaN,2.74903,bimodal,20258.7,50921.6,251.357,OK
Backbone,GRNet.lgf,raecke_frt,36,82,31,20,0,11,1.81818,NaN,NaN,2.74903,gaussian,164807,549528,333.437,OK
Backbone,GRNet.lgf,raecke_frt,36,82,31,20,0,11,1.81818,NaN,NaN,2.74903,gravity,1.78175,14.08,790.232,OK
Backbone,GRNet.lgf,raecke_ckr,36,82,8,0,0,13,0,NaN,NaN,2.41087,uniform,110100,418173,379.812,OK
Backbone,GRNet.lgf,raecke_ckr,36,82,8,0,0,13,0,NaN,NaN,2.41087,bimodal,20258.7,50921.6,251.357,OK
Backbone,GRNet.lgf,raecke_ckr,36,82,8,0,0,13,0,NaN,NaN,2.41087,gaussian,164807,549528,333.437,OK
Backbone,GRNet.lgf,raecke_ckr,36,82,8,0,0,13,0,NaN,NaN,2.41087,gravity,1.78175,13.3753,750.68,OK
Backbone,GRNet.lgf,raecke_random_mst,36,82,21,0,14,11,0,NaN,NaN,6.48756,uniform,110100,894751,812.671,OK
Backbone,GRNet.lgf,raecke_random_mst,36,82,21,0,14,11,0,NaN,NaN,6.48756,bimodal,20258.7,81501.3,402.304,OK
Backbone,GRNet.lgf,raecke_random_mst,36,82,21,0,14,11,0,NaN,NaN,6.48756,gaussian,164807,1.01745e+06,617.359,OK
Backbone,GRNet.lgf,raecke_random_mst,36,82,21,0,14,11,0,NaN,NaN,6.48756,gravity,1.78175,34.4608,1934.1,OK
Backbone,GRNet.lgf,raecke_frt_mendel,36,82,221,79,0,157,0.452229,0,0,5.64817,uniform,110100,739353,671.529,OK
Backbone,GRNet.lgf,raecke_frt_mendel,36,82,221,79,0,157,0.452229,0,0,5.64817,bimodal,20258.7,61256,302.37,OK
Backbone,GRNet.lgf,raecke_frt_mendel,36,82,221,79,0,157,0.452229,0,0,5.64817,gaussian,164807,800190,485.531,OK
Backbone,GRNet.lgf,raecke_frt_mendel,36,82,221,79,0,157,0.452229,0,0,5.64817,gravity,1.78175,27.3814,1536.77,OK
Backbone,GRNet.lgf,raecke_ckr_mendel,36,82,161,31,0,142,0.169014,0,0,12.3564,uniform,110100,759697,690.006,OK
Backbone,GRNet.lgf,raecke_ckr_mendel,36,82,161,31,0,142,0.169014,0,0,12.3564,bimodal,20258.7,61648.1,304.305,OK
Backbone,GRNet.lgf,raecke_ckr_mendel,36,82,161,31,0,142,0.169014,0,0,12.3564,gaussian,164807,818844,496.85,OK
Backbone,GRNet.lgf,raecke_ckr_mendel,36,82,161,31,0,142,0.169014,0,0,12.3564,gravity,1.78175,28.2881,1587.65,OK
Backbone,Gambia.lgf,electrical,28,56,8,8,0,9,0.111111,NaN,NaN,89.8889,uniform,1.47859e+08,2.74234e+08,185.47,OK
Backbone,Gambia.lgf,electrical,28,56,8,8,0,9,0.111111,NaN,NaN,89.8889,bimodal,3.06826e+07,3.77503e+07,123.035,OK
Backbone,Gambia.lgf,electrical,28,56,8,8,0,9,0.111111,NaN,NaN,89.8889,gaussian,1.68094e+08,3.69313e+08,219.706,OK
Backbone,Gambia.lgf,electrical,28,56,8,8,0,9,0.111111,NaN,NaN,89.8889,gravity,1.95095,115.041,5896.63,OK
Backbone,Gambia.lgf,raecke_frt,28,56,21,18,0,7,2.57143,NaN,NaN,2.00479,uniform,1.47859e+08,2.74234e+08,185.47,OK
Backbone,Gambia.lgf,raecke_frt,28,56,21,18,0,7,2.57143,NaN,NaN,2.00479,bimodal,3.06826e+07,3.77503e+07,123.035,OK
Backbone,Gambia.lgf,raecke_frt,28,56,21,18,0,7,2.57143,NaN,NaN,2.00479,gaussian,1.68094e+08,3.69313e+08,219.706,OK
Backbone,Gambia.lgf,raecke_frt,28,56,21,18,0,7,2.57143,NaN,NaN,2.00479,gravity,1.95095,85.6893,4392.18,OK
Backbone,Gambia.lgf,raecke_ckr,28,56,3,0,0,8,0,NaN,NaN,2.0155,uniform,1.47859e+08,2.74234e+08,185.47,OK
Backbone,Gambia.lgf,raecke_ckr,28,56,3,0,0,8,0,NaN,NaN,2.0155,bimodal,3.06826e+07,3.77503e+07,123.035,OK
Backbone,Gambia.lgf,raecke_ckr,28,56,3,0,0,8,0,NaN,NaN,2.0155,gaussian,1.68094e+08,3.69313e+08,219.706,OK
Backbone,Gambia.lgf,raecke_ckr,28,56,3,0,0,8,0,NaN,NaN,2.0155,gravity,1.95095,85.6893,4392.18,OK
Backbone,Gambia.lgf,raecke_random_mst,28,56,3,0,1,5,0,NaN,NaN,2.01797,uniform,1.47859e+08,2.74234e+08,185.47,OK
Backbone,Gambia.lgf,raecke_random_mst,28,56,3,0,1,5,0,NaN,NaN,2.01797,bimodal,3.06826e+07,3.77503e+07,123.035,OK
Backbone,Gambia.lgf,raecke_random_mst,28,56,3,0,1,5,0,NaN,NaN,2.01797,gaussian,1.68094e+08,3.69313e+08,219.706,OK
Backbone,Gambia.lgf,raecke_random_mst,28,56,3,0,1,5,0,NaN,NaN,2.01797,gravity,1.95095,85.6893,4392.18,OK
Backbone,Gambia.lgf,raecke_frt_mendel,28,56,488,199,0,392,0.492347,0,0,2.00249,uniform,1.47859e+08,2.74234e+08,185.47,OK
Backbone,Gambia.lgf,raecke_frt_mendel,28,56,488,199,0,392,0.492347,0,0,2.00249,bimodal,3.06826e+07,3.77503e+07,123.035,OK
Backbone,Gambia.lgf,raecke_frt_mendel,28,56,488,199,0,392,0.492347,0,0,2.00249,gaussian,1.68094e+08,3.69313e+08,219.706,OK
Backbone,Gambia.lgf,raecke_frt_mendel,28,56,488,199,0,392,0.492347,0,0,2.00249,gravity,1.95095,85.6893,4392.18,OK
Backbone,Gambia.lgf,raecke_ckr_mendel,28,56,208,36,0,235,0.13617,0,0,2,uniform,1.47859e+08,2.74234e+08,185.47,OK
Backbone,Gambia.lgf,raecke_ckr_mendel,28,56,208,36,0,235,0.13617,0,0,2,bimodal,3.06826e+07,3.77503e+07,123.035,OK
Backbone,Gambia.lgf,raecke_ckr_mendel,28,56,208,36,0,235,0.13617,0,0,2,gaussian,1.68094e+08,3.69313e+08,219.706,OK
Backbone,Gambia.lgf,raecke_ckr_mendel,28,56,208,36,0,235,0.13617,0,0,2,gravity,1.95095,85.6893,4392.18,OK
Backbone,Geant.lgf,electrical,37,110,25,24,0,13,1.07692,NaN,NaN,231.891,uniform,3.77518e+06,3.22942e+07,855.433,OK
Backbone,Geant.lgf,electrical,37,110,25,24,0,13,1.07692,NaN,NaN,231.891,bimodal,251724,2.85491e+06,1134.14,OK
Backbone,Geant.lgf,electrical,37,110,25,24,0,13,1.07692,NaN,NaN,231.891,gaussian,4.26299e+06,3.6035e+07,845.3,OK
Backbone,Geant.lgf,electrical,37,110,25,24,0,13,1.07692,NaN,NaN,231.891,gravity,1.90426,1235.75,64893.8,OK
Backbone,Geant.lgf,raecke_frt,37,110,212,140,34,40,3.425,NaN,NaN,5.38305,uniform,3.77518e+06,8.74356e+06,231.606,OK
Backbone,Geant.lgf,raecke_frt,37,110,212,140,34,40,3.425,NaN,NaN,5.38305,bimodal,251724,621189,246.774,OK
Backbone,Geant.lgf,raecke_frt,37,110,212,140,34,40,3.425,NaN,NaN,5.38305,gaussian,4.26299e+06,1.02616e+07,240.713,OK
Backbone,Geant.lgf,raecke_frt,37,110,212,140,34,40,3.425,NaN,NaN,5.38305,gravity,1.90426,27.6171,1450.28,OK
Backbone,Geant.lgf,raecke_ckr,37,110,57,0,28,36,0,NaN,NaN,5.97444,uniform,3.77518e+06,8.97179e+06,237.652,OK
Backbone,Geant.lgf,raecke_ckr,37,110,57,0,28,36,0,NaN,NaN,5.97444,bimodal,251724,637403,253.215,OK
Backbone,Geant.lgf,raecke_ckr,37,110,57,0,28,36,0,NaN,NaN,5.97444,gaussian,4.26299e+06,1.05294e+07,246.997,OK
Backbone,Geant.lgf,raecke_ckr,37,110,57,0,28,36,0,NaN,NaN,5.97444,gravity,1.90426,31.1267,1634.58,OK
Backbone,Geant.lgf,raecke_random_mst,37,110,66,0,48,28,0,NaN,NaN,17.7508,uniform,3.77518e+06,8.40371e+06,222.604,OK
Backbone,Geant.lgf,raecke_random_mst,37,110,66,0,48,28,0,NaN,NaN,17.7508,bimodal,251724,597044,237.182,OK
Backbone,Geant.lgf,raecke_random_mst,37,110,66,0,48,28,0,NaN,NaN,17.7508,gaussian,4.26299e+06,9.86272e+06,231.357,OK
Backbone,Geant.lgf,raecke_random_mst,37,110,66,0,48,28,0,NaN,NaN,17.7508,gravity,1.90426,75.1984,3948.96,OK
Backbone,Geant.lgf,raecke_frt_mendel,37,110,947,579,0,346,1.62428,1,0.00289017,16.4837,uniform,3.77518e+06,1.36126e+07,360.581,OK
Backbone,Geant.lgf,raecke_frt_mendel,37,110,947,579,0,346,1.62428,1,0.00289017,16.4837,bimodal,251724,967110,384.195,OK
Backbone,Geant.lgf,raecke_frt_mendel,37,110,947,579,0,346,1.62428,1,0.00289017,16.4837,gaussian,4.26299e+06,1.5976e+07,374.76,OK
Backbone,Geant.lgf,raecke_frt_mendel,37,110,947,579,0,346,1.62428,1,0.00289017,16.4837,gravity,1.90426,76.211,4002.13,OK
Backbone,Geant.lgf,raecke_ckr_mendel,37,110,964,565,0,381,1.45144,0,0,14.6295,uniform,3.77518e+06,1.36649e+07,361.968,OK
Backbone,Geant.lgf,raecke_ckr_mendel,37,110,964,565,0,381,1.45144,0,0,14.6295,bimodal,251724,970829,385.672,OK
Backbone,Geant.lgf,raecke_ckr_mendel,37,110,964,565,0,381,1.45144,0,0,14.6295,gaussian,4.26299e+06,1.60374e+07,376.201,OK
Backbone,Geant.lgf,raecke_ckr_mendel,37,110,964,565,0,381,1.45144,0,0,14.6295,gravity,1.90426,94.8752,4982.26,OK
Backbone,Germany_cost.lgf,electrical,17,50,6,5,0,11,0,NaN,NaN,2.35487,uniform,3251.52,22335.2,686.914,OK
Backbone,Germany_cost.lgf,electrical,17,50,6,5,0,11,0,NaN,NaN,2.35487,bimodal,509.236,3293.47,646.747,OK
Backbone,Germany_cost.lgf,electrical,17,50,6,5,0,11,0,NaN,NaN,2.35487,gaussian,4466.78,28151.5,630.242,OK
Backbone,Germany_cost.lgf,electrical,17,50,6,5,0,11,0,NaN,NaN,2.35487,gravity,1.8704,12.4335,664.753,OK
Backbone,Germany_cost.lgf,raecke_frt,17,50,5,0,0,13,0,NaN,NaN,4.58421,uniform,3251.52,24140.8,742.446,OK
Backbone,Germany_cost.lgf,raecke_frt,17,50,5,0,0,13,0,NaN,NaN,4.58421,bimodal,509.236,3573.82,701.8,OK
Backbone,Germany_cost.lgf,raecke_frt,17,50,5,0,0,13,0,NaN,NaN,4.58421,gaussian,4466.78,31151,697.393,OK
Backbone,Germany_cost.lgf,raecke_frt,17,50,5,0,0,13,0,NaN,NaN,4.58421,gravity,1.8704,13.754,735.353,OK
Backbone,Germany_cost.lgf,raecke_ckr,17,50,2,0,0,12,0,NaN,NaN,4.22796,uniform,3251.52,26430.4,812.862,OK
Backbone,Germany_cost.lgf,raecke_ckr,17,50,2,0,0,12,0,NaN,NaN,4.22796,bimodal,509.236,4207.22,826.182,OK
Backbone,Germany_cost.lgf,raecke_ckr,17,50,2,0,0,12,0,NaN,NaN,4.22796,gaussian,4466.78,32813.5,734.611,OK
Backbone,Germany_cost.lgf,raecke_ckr,17,50,2,0,0,12,0,NaN,NaN,4.22796,gravity,1.8704,15.8386,846.805,OK
Backbone,Germany_cost.lgf,raecke_random_mst,17,50,3,0,0,13,0,NaN,NaN,3.35935,uniform,3251.52,29696.6,913.316,OK
Backbone,Germany_cost.lgf,raecke_random_mst,17,50,3,0,0,13,0,NaN,NaN,3.35935,bimodal,509.236,4871.75,956.679,OK
Backbone,Germany_cost.lgf,raecke_random_mst,17,50,3,0,0,13,0,NaN,NaN,3.35935,gaussian,4466.78,38570.7,863.502,OK
Backbone,Germany_cost.lgf,raecke_random_mst,17,50,3,0,0,13,0,NaN,NaN,3.35935,gravity,1.8704,15.4626,826.7,OK
Backbone,Germany_cost.lgf,raecke_frt_mendel,17,50,13,0,0,36,0,0,0,3.73791,uniform,3251.52,24909.3,766.082,OK
Backbone,Germany_cost.lgf,raecke_frt_mendel,17,50,13,0,0,36,0,0,0,3.73791,bimodal,509.236,3585.23,704.042,OK
Backbone,Germany_cost.lgf,raecke_frt_mendel,17,50,13,0,0,36,0,0,0,3.73791,gaussian,4466.78,30087.1,673.575,OK
Backbone,Germany_cost.lgf,raecke_frt_mendel,17,50,13,0,0,36,0,0,0,3.73791,gravity,1.8704,15.0802,806.255,OK
Backbone,Germany_cost.lgf,raecke_ckr_mendel,17,50,11,0,0,36,0,0,0,3.39067,uniform,3251.52,24787.1,762.323,OK
Backbone,Germany_cost.lgf,raecke_ckr_mendel,17,50,11,0,0,36,0,0,0,3.39067,bimodal,509.236,3770.15,740.355,OK
Backbone,Germany_cost.lgf,raecke_ckr_mendel,17,50,11,0,0,36,0,0,0,3.39067,gaussian,4466.78,31472.2,704.584,OK
Backbone,Germany_cost.lgf,raecke_ckr_mendel,17,50,11,0,0,36,0,0,0,3.39067,gravity,1.8704,13.7568,735.499,OK
Backbone,Internetmci.lgf,electrical,19,66,9,8,0,13,0.0769231,NaN,NaN,11.6513,uniform,111254,695264,624.934,OK
Backbone,Internetmci.lgf,electrical,19,66,9,8,0,13,0.0769231,NaN,NaN,11.6513,bimodal,12092.9,57072.6,471.951,OK
Backbone,Internetmci.lgf,electrical,19,66,9,8,0,13,0.0769231,NaN,NaN,11.6513,gaussian,105599,862247,816.533,OK
Backbone,Internetmci.lgf,electrical,19,66,9,8,0,13,0.0769231,NaN,NaN,11.6513,gravity,1.82615,35.7464,1957.47,OK
Backbone,Internetmci.lgf,raecke_frt,19,66,13,0,0,19,0,NaN,NaN,5.55003,uniform,111254,345605,310.645,OK
Backbone,Internetmci.lgf,raecke_frt,19,66,13,0,0,19,0,NaN,NaN,5.55003,bimodal,12092.9,26807.4,221.678,OK
Backbone,Internetmci.lgf,raecke_frt,19,66,13,0,0,19,0,NaN,NaN,5.55003,gaussian,105599,345244,326.94,OK
Backbone,Internetmci.lgf,raecke_frt,19,66,13,0,0,19,0,NaN,NaN,5.55003,gravity,1.82615,13.0677,715.588,OK
Backbone,Internetmci.lgf,raecke_ckr,19,66,5,0,0,17,0,NaN,NaN,3.28021,uniform,111254,335925,301.944,OK
Backbone,Internetmci.lgf,raecke_ckr,19,66,5,0,0,17,0,NaN,NaN,3.28021,bimodal,12092.9,37377.2,309.083,OK
Backbone,Internetmci.lgf,raecke_ckr,19,66,5,0,0,17,0,NaN,NaN,3.28021,gaussian,105599,353140,334.418,OK
Backbone,Internetmci.lgf,raecke_ckr,19,66,5,0,0,17,0,NaN,NaN,3.28021,gravity,1.82615,14.428,790.078,OK
Backbone,Internetmci.lgf,raecke_random_mst,19,66,9,0,1,17,0,NaN,NaN,5.47637,uniform,111254,395854,355.811,OK
Backbone,Internetmci.lgf,raecke_random_mst,19,66,9,0,1,17,0,NaN,NaN,5.47637,bimodal,12092.9,42575.3,352.068,OK
Backbone,Internetmci.lgf,raecke_random_mst,19,66,9,0,1,17,0,NaN,NaN,5.47637,gaussian,105599,429100,406.351,OK
Backbone,Internetmci.lgf,raecke_random_mst,19,66,9,0,1,17,0,NaN,NaN,5.47637,gravity,1.82615,17.2768,946.075,OK
Backbone,Internetmci.lgf,raecke_frt_mendel,19,66,36,0,0,63,0,0,0,4.84114,uniform,111254,263429,236.781,OK
Backbone,Internetmci.lgf,raecke_frt_mendel,19,66,36,0,0,63,0,0,0,4.84114,bimodal,12092.9,25573.5,211.475,OK
Backbone,Internetmci.lgf,raecke_frt_mendel,19,66,36,0,0,63,0,0,0,4.84114,gaussian,105599,260186,246.391,OK
Backbone,Internetmci.lgf,raecke_frt_mendel,19,66,36,0,0,63,0,0,0,4.84114,gravity,1.82615,9.57346,524.242,OK
Backbone,Internetmci.lgf,raecke_ckr_mendel,19,66,24,0,0,53,0,0,0,4.90857,uniform,111254,268041,240.927,OK
Backbone,Internetmci.lgf,raecke_ckr_mendel,19,66,24,0,0,53,0,0,0,4.90857,bimodal,12092.9,29907.9,247.317,OK
Backbone,Internetmci.lgf,raecke_ckr_mendel,19,66,24,0,0,53,0,0,0,4.90857,gaussian,105599,298912,283.064,OK
Backbone,Internetmci.lgf,raecke_ckr_mendel,19,66,24,0,0,53,0,0,0,4.90857,gravity,1.82615,10.4798,573.872,OK
Backbone,Italy_cost.lgf,electrical,33,112,24,23,0,14,1.07143,NaN,NaN,2.7658,uniform,6608.86,70556.4,1067.6,OK
Backbone,Italy_cost.lgf,electrical,33,112,24,23,0,14,1.07143,NaN,NaN,2.7658,bimodal,949.925,8093.91,852.058,OK
Backbone,Italy_cost.lgf,electrical,33,112,24,23,0,14,1.07143,NaN,NaN,2.7658,gaussian,8854.4,83184.6,939.472,OK
Backbone,Italy_cost.lgf,electrical,33,112,24,23,0,14,1.07143,NaN,NaN,2.7658,gravity,1.92985,22.5561,1168.8,OK
Backbone,Italy_cost.lgf,raecke_frt,33,112,63,32,3,24,1.33333,NaN,NaN,5.65645,uniform,6608.86,76780.4,1161.78,OK
Backbone,Italy_cost.lgf,raecke_frt,33,112,63,32,3,24,1.33333,NaN,NaN,5.65645,bimodal,949.925,8397.03,883.967,OK
Backbone,Italy_cost.lgf,raecke_frt,33,112,63,32,3,24,1.33333,NaN,NaN,5.65645,gaussian,8854.4,93219.2,1052.8,OK
Backbone,Italy_cost.lgf,raecke_frt,33,112,63,32,3,24,1.33333,NaN,NaN,5.65645,gravity,1.92985,26.0051,1347.52,OK
Backbone,Italy_cost.lgf,raecke_ckr,33,112,22,0,4,24,0,NaN,NaN,5.8877,uniform,6608.86,85397.7,1292.17,OK
Backbone,Italy_cost.lgf,raecke_ckr,33,112,22,0,4,24,0,NaN,NaN,5.8877,bimodal,949.925,9770.39,1028.54,OK
Backbone,Italy_cost.lgf,raecke_ckr,33,112,22,0,4,24,0,NaN,NaN,5.8877,gaussian,8854.4,105185,1187.94,OK
Backbone,Italy_cost.lgf,raecke_ckr,33,112,22,0,4,24,0,NaN,NaN,5.8877,gravity,1.92985,30.5773,1584.44,OK
Backbone,Italy_cost.lgf,raecke_random_mst,33,112,28,0,18,21,0,NaN,NaN,5.23979,uniform,6608.86,88881.1,1344.88,OK
Backbone,Italy_cost.lgf,raecke_random_mst,33,112,28,0,18,21,0,NaN,NaN,5.23979,bimodal,949.925,10839.2,1141.06,OK
Backbone,Italy_cost.lgf,raecke_random_mst,33,112,28,0,18,21,0,NaN,NaN,5.23979,gaussian,8854.4,107155,1210.18,OK
Backbone,Italy_cost.lgf,raecke_random_mst,33,112,28,0,18,21,0,NaN,NaN,5.23979,gravity,1.92985,28.1594,1459.15,OK
Backbone,Italy_cost.lgf,raecke_frt_mendel,33,112,105,29,0,73,0.315068,0,0,3.91075,uniform,6608.86,70787.1,1071.09,OK
Backbone,Italy_cost.lgf,raecke_frt_mendel,33,112,105,29,0,73,0.315068,0,0,3.91075,bimodal,949.925,8023.29,844.623,OK
Backbone,Italy_cost.lgf,raecke_frt_mendel,33,112,105,29,0,73,0.315068,0,0,3.91075,gaussian,8854.4,85091.3,961.006,OK
Backbone,Italy_cost.lgf,raecke_frt_mendel,33,112,105,29,0,73,0.315068,0,0,3.91075,gravity,1.92985,19.4535,1008.03,OK
Backbone,Italy_cost.lgf,raecke_ckr_mendel,33,112,89,12,0,73,0.123288,0,0,4.07941,uniform,6608.86,71734.8,1085.43,OK
Backbone,Italy_cost.lgf,raecke_ckr_mendel,33,112,89,12,0,73,0.123288,0,0,4.07941,bimodal,949.925,8054.87,847.948,OK
Backbone,Italy_cost.lgf,raecke_ckr_mendel,33,112,89,12,0,73,0.123288,0,0,4.07941,gaussian,8854.4,86462,976.486,OK
Backbone,Italy_cost.lgf,raecke_ckr_mendel,33,112,89,12,0,73,0.123288,0,0,4.07941,gravity,1.92985,20.15,1044.13,OK
Backbone,NSF_cost.lgf,electrical,26,86,15,14,0,13,1,NaN,NaN,2.90508,uniform,4480.3,36887.6,823.328,OK
Backbone,NSF_cost.lgf,electrical,26,86,15,14,0,13,1,NaN,NaN,2.90508,bimodal,666.137,4649.21,697.936,OK
Backbone,NSF_cost.lgf,electrical,26,86,15,14,0,13,1,NaN,NaN,2.90508,gaussian,6509.55,45827.4,704.003,OK
Backbone,NSF_cost.lgf,electrical,26,86,15,14,0,13,1,NaN,NaN,2.90508,gravity,1.91888,15.5613,810.96,OK
Backbone,NSF_cost.lgf,raecke_frt,26,86,30,11,0,20,0.55,NaN,NaN,4.92058,uniform,4480.3,48347.2,1079.11,OK
Backbone,NSF_cost.lgf,raecke_frt,26,86,30,11,0,20,0.55,NaN,NaN,4.92058,bimodal,666.137,5571.98,836.461,OK
Backbone,NSF_cost.lgf,raecke_frt,26,86,30,11,0,20,0.55,NaN,NaN,4.92058,gaussian,6509.55,57198.8,878.691,OK
Backbone,NSF_cost.lgf,raecke_frt,26,86,30,11,0,20,0.55,NaN,NaN,4.92058,gravity,1.91888,20.1534,1050.27,OK
Backbone,NSF_cost.lgf,raecke_ckr,26,86,13,0,0,22,0,NaN,NaN,5.20003,uniform,4480.3,58928.2,1315.27,OK
Backbone,NSF_cost.lgf,raecke_ckr,26,86,13,0,0,22,0,NaN,NaN,5.20003,bimodal,666.137,5919.43,888.621,OK
Backbone,NSF_cost.lgf,raecke_ckr,26,86,13,0,0,22,0,NaN,NaN,5.20003,gaussian,6509.55,69751.5,1071.53,OK
Backbone,NSF_cost.lgf,raecke_ckr,26,86,13,0,0,22,0,NaN,NaN,5.20003,gravity,1.91888,25.8547,1347.39,OK
Backbone,NSF_cost.lgf,raecke_random_mst,26,86,17,0,3,20,0,NaN,NaN,4.40008,uniform,4480.3,59689.1,1332.26,OK
Backbone,NSF_cost.lgf,raecke_random_mst,26,86,17,0,3,20,0,NaN,NaN,4.40008,bimodal,666.137,6981.11,1048,OK
Backbone,NSF_cost.lgf,raecke_random_mst,26,86,17,0,3,20,0,NaN,NaN,4.40008,gaussian,6509.55,70977.4,1090.36,OK
Backbone,NSF_cost.lgf,raecke_random_mst,26,86,17,0,3,20,0,NaN,NaN,4.40008,gravity,1.91888,25.2697,1316.9,OK
Backbone,NSF_cost.lgf,raecke_frt_mendel,26,86,46,0,0,54,0,0,0,4.14811,uniform,4480.3,38255.3,853.855,OK
Backbone,NSF_cost.lgf,raecke_frt_mendel,26,86,46,0,0,54,0,0,0,4.14811,bimodal,666.137,4484.24,673.171,OK
Backbone,NSF_cost.lgf,raecke_frt_mendel,26,86,46,0,0,54,0,0,0,4.14811,gaussian,6509.55,47234.5,725.618,OK
Backbone,NSF_cost.lgf,raecke_frt_mendel,26,86,46,0,0,54,0,0,0,4.14811,gravity,1.91888,16.5843,864.275,OK
Backbone,NSF_cost.lgf,raecke_ckr_mendel,26,86,37,0,0,52,0,0,0,4.06127,uniform,4480.3,45277.3,1010.59,OK
Backbone,NSF_cost.lgf,raecke_ckr_mendel,26,86,37,0,0,52,0,0,0,4.06127,bimodal,666.137,4616.85,693.078,OK
Backbone,NSF_cost.lgf,raecke_ckr_mendel,26,86,37,0,0,52,0,0,0,4.06127,gaussian,6509.55,54582.8,838.503,OK
Backbone,NSF_cost.lgf,raecke_ckr_mendel,26,86,37,0,0,52,0,0,0,4.06127,gravity,1.91888,19.4523,1013.74,OK
Backbone,abilene_cost.lgf,electrical,12,30,3,3,0,10,0,NaN,NaN,2.08164,uniform,3370,13765.4,408.47,OK
Backbone,abilene_cost.lgf,electrical,12,30,3,3,0,10,0,NaN,NaN,2.08164,bimodal,495.665,1337.8,269.9,OK
Backbone,abilene_cost.lgf,electrical,12,30,3,3,0,10,0,NaN,NaN,2.08164,gaussian,5836.01,18119,310.468,OK
Backbone,abilene_cost.lgf,electrical,12,30,3,3,0,10,0,NaN,NaN,2.08164,gravity,1.81778,9.06349,498.603,OK
Backbone,abilene_cost.lgf,raecke_frt,12,30,1,0,0,9,0,NaN,NaN,2.85227,uniform,3370,16919,502.049,OK
Backbone,abilene_cost.lgf,raecke_frt,12,30,1,0,0,9,0,NaN,NaN,2.85227,bimodal,495.665,1702.57,343.492,OK
Backbone,abilene_cost.lgf,raecke_frt,12,30,1,0,0,9,0,NaN,NaN,2.85227,gaussian,5836.01,22099.8,378.68,OK
Backbone,abilene_cost.lgf,raecke_frt,12,30,1,0,0,9,0,NaN,NaN,2.85227,gravity,1.81778,11.2481,618.783,OK
Backbone,abilene_cost.lgf,raecke_ckr,12,30,1,0,0,11,0,NaN,NaN,3.18561,uniform,3370,19523.2,579.323,OK
Backbone,abilene_cost.lgf,raecke_ckr,12,30,1,0,0,11,0,NaN,NaN,3.18561,bimodal,495.665,2073.89,418.405,OK
Backbone,abilene_cost.lgf,raecke_ckr,12,30,1,0,0,11,0,NaN,NaN,3.18561,gaussian,5836.01,24893.6,426.551,OK
Backbone,abilene_cost.lgf,raecke_ckr,12,30,1,0,0,11,0,NaN,NaN,3.18561,gravity,1.81778,12.7338,700.515,OK
Backbone,abilene_cost.lgf,raecke_random_mst,12,30,1,0,0,9,0,NaN,NaN,2.89643,uniform,3370,23054.6,684.112,OK
Backbone,abilene_cost.lgf,raecke_random_mst,12,30,1,0,0,9,0,NaN,NaN,2.89643,bimodal,495.665,2189.48,441.725,OK
Backbone,abilene_cost.lgf,raecke_random_mst,12,30,1,0,0,9,0,NaN,NaN,2.89643,gaussian,5836.01,29345.8,502.84,OK
Backbone,abilene_cost.lgf,raecke_random_mst,12,30,1,0,0,9,0,NaN,NaN,2.89643,gravity,1.81778,14.8619,817.586,OK
Backbone,abilene_cost.lgf,raecke_frt_mendel,12,30,3,0,0,21,0,0,0,3.1378,uniform,3370,13600,403.561,OK
Backbone,abilene_cost.lgf,raecke_frt_mendel,12,30,3,0,0,21,0,0,0,3.1378,bimodal,495.665,1519.68,306.593,OK
Backbone,abilene_cost.lgf,raecke_frt_mendel,12,30,3,0,0,21,0,0,0,3.1378,gaussian,5836.01,19591.4,335.699,OK
Backbone,abilene_cost.lgf,raecke_frt_mendel,12,30,3,0,0,21,0,0,0,3.1378,gravity,1.81778,8.99343,494.749,OK
Backbone,abilene_cost.lgf,raecke_ckr_mendel,12,30,3,0,0,21,0,0,0,3.24835,uniform,3370,13890.6,412.183,OK
Backbone,abilene_cost.lgf,raecke_ckr_mendel,12,30,3,0,0,21,0,0,0,3.24835,bimodal,495.665,1553.66,313.45,OK
Backbone,abilene_cost.lgf,raecke_ckr_mendel,12,30,3,0,0,21,0,0,0,3.24835,gaussian,5836.01,19749.4,338.406,OK
Backbone,abilene_cost.lgf,raecke_ckr_mendel,12,30,3,0,0,21,0,0,0,3.24835,gravity,1.81778,9.08813,499.958,OK
Backbone,atnt_cost.lgf,electrical,22,76,11,11,0,13,0.0769231,NaN,NaN,2.6704,uniform,4354.67,22329.8,512.778,OK
Backbone,atnt_cost.lgf,electrical,22,76,11,11,0,13,0.0769231,NaN,NaN,2.6704,bimodal,982.593,2616.61,266.296,OK
Backbone,atnt_cost.lgf,electrical,22,76,11,11,0,13,0.0769231,NaN,NaN,2.6704,gaussian,6042.19,29055.2,480.872,OK
Backbone,atnt_cost.lgf,electrical,22,76,11,11,0,13,0.0769231,NaN,NaN,2.6704,gravity,1.88089,10.7022,568.999,OK
Backbone,atnt_cost.lgf,raecke_frt,22,76,24,0,0,23,0,NaN,NaN,4.04761,uniform,4354.67,28794.2,661.227,OK
Backbone,atnt_cost.lgf,raecke_frt,22,76,24,0,0,23,0,NaN,NaN,4.04761,bimodal,982.593,3660.23,372.507,OK
Backbone,atnt_cost.lgf,raecke_frt,22,76,24,0,0,23,0,NaN,NaN,4.04761,gaussian,6042.19,34908.8,577.75,OK
Backbone,atnt_cost.lgf,raecke_frt,22,76,24,0,0,23,0,NaN,NaN,4.04761,gravity,1.88089,13.4773,716.542,OK
Backbone,atnt_cost.lgf,raecke_ckr,22,76,14,0,0,25,0,NaN,NaN,4.82296,uniform,4354.67,32633.6,749.395,OK
Backbone,atnt_cost.lgf,raecke_ckr,22,76,14,0,0,25,0,NaN,NaN,4.82296,bimodal,982.593,3909.19,397.845,OK
Backbone,atnt_cost.lgf,raecke_ckr,22,76,14,0,0,25,0,NaN,NaN,4.82296,gaussian,6042.19,39052.3,646.327,OK
Backbone,atnt_cost.lgf,raecke_ckr,22,76,14,0,0,25,0,NaN,NaN,4.82296,gravity,1.88089,15.5638,827.47,OK
Backbone,atnt_cost.lgf,raecke_random_mst,22,76,14,0,1,22,0,NaN,NaN,5.52309,uniform,4354.67,35730.5,820.51,OK
Backbone,atnt_cost.lgf,raecke_random_mst,22,76,14,0,1,22,0,NaN,NaN,5.52309,bimodal,982.593,4141.43,421.48,OK
Backbone,atnt_cost.lgf,raecke_random_mst,22,76,14,0,1,22,0,NaN,NaN,5.52309,gaussian,6042.19,42719.9,707.026,OK
Backbone,atnt_cost.lgf,raecke_random_mst,22,76,14,0,1,22,0,NaN,NaN,5.52309,gravity,1.88089,20.0998,1068.64,OK
Backbone,atnt_cost.lgf,raecke_frt_mendel,22,76,43,0,0,62,0,0,0,4.67019,uniform,4354.67,26056.4,598.356,OK
Backbone,atnt_cost.lgf,raecke_frt_mendel,22,76,43,0,0,62,0,0,0,4.67019,bimodal,982.593,3122.04,317.735,OK
Backbone,atnt_cost.lgf,raecke_frt_mendel,22,76,43,0,0,62,0,0,0,4.67019,gaussian,6042.19,34111.8,564.559,OK
Backbone,atnt_cost.lgf,raecke_frt_mendel,22,76,43,0,0,62,0,0,0,4.67019,gravity,1.88089,13.3189,708.12,OK
Backbone,atnt_cost.lgf,raecke_ckr_mendel,22,76,36,0,0,60,0,0,0,4.76266,uniform,4354.67,27475.6,630.946,OK
Backbone,atnt_cost.lgf,raecke_ckr_mendel,22,76,36,0,0,60,0,0,0,4.76266,bimodal,982.593,3263.95,332.177,OK
Backbone,atnt_cost.lgf,raecke_ckr_mendel,22,76,36,0,0,60,0,0,0,4.76266,gaussian,6042.19,35844.9,593.243,OK
Backbone,atnt_cost.lgf,raecke_ckr_mendel,22,76,36,0,0,60,0,0,0,4.76266,gravity,1.88089,13.3466,709.591,OK
Backbone,germany50.lgf,electrical,50,176,48,47,0,15,3,NaN,NaN,3.56876,uniform,10096.7,101886,1009.1,OK
Backbone,germany50.lgf,electrical,50,176,48,47,0,15,3,NaN,NaN,3.56876,bimodal,1490.41,11012.4,738.883,OK
Backbone,germany50.lgf,electrical,50,176,48,47,0,15,3,NaN,NaN,3.56876,gaussian,11345.6,119530,1053.54,OK
Backbone,germany50.lgf,electrical,50,176,48,47,0,15,3,NaN,NaN,3.56876,gravity,1.95648,22.9835,1174.74,OK
Backbone,germany50.lgf,raecke_frt,50,176,352,211,105,39,5.33333,NaN,NaN,5.95942,uniform,10096.7,139115,1377.83,OK
Backbone,germany50.lgf,raecke_frt,50,176,352,211,105,39,5.33333,NaN,NaN,5.95942,bimodal,1490.41,16013.3,1074.42,OK
Backbone,germany50.lgf,raecke_frt,50,176,352,211,105,39,5.33333,NaN,NaN,5.95942,gaussian,11345.6,163099,1437.55,OK
Backbone,germany50.lgf,raecke_frt,50,176,352,211,105,39,5.33333,NaN,NaN,5.95942,gravity,1.95648,32.675,1670.09,OK
Backbone,germany50.lgf,raecke_ckr,50,176,133,0,95,41,0,NaN,NaN,6.00638,uniform,10096.7,139674,1383.37,OK
Backbone,germany50.lgf,raecke_ckr,50,176,133,0,95,41,0,NaN,NaN,6.00638,bimodal,1490.41,15891.4,1066.24,OK
Backbone,germany50.lgf,raecke_ckr,50,176,133,0,95,41,0,NaN,NaN,6.00638,gaussian,11345.6,163551,1441.54,OK
Backbone,germany50.lgf,raecke_ckr,50,176,133,0,95,41,0,NaN,NaN,6.00638,gravity,1.95648,33.1622,1694.99,OK
Backbone,germany50.lgf,raecke_random_mst,50,176,184,0,159,39,0,NaN,NaN,6.82025,uniform,10096.7,145232,1438.41,OK
Backbone,germany50.lgf,raecke_random_mst,50,176,184,0,159,39,0,NaN,NaN,6.82025,bimodal,1490.41,15647.7,1049.89,OK
Backbone,germany50.lgf,raecke_random_mst,50,176,184,0,159,39,0,NaN,NaN,6.82025,gaussian,11345.6,166916,1471.19,OK
Backbone,germany50.lgf,raecke_random_mst,50,176,184,0,159,39,0,NaN,NaN,6.82025,gravity,1.95648,33.6595,1720.41,OK
Backbone,germany50.lgf,raecke_frt_mendel,50,176,353,120,140,99,1.08081,0,0,5.16534,uniform,10096.7,114187,1130.93,OK
Backbone,germany50.lgf,raecke_frt_mendel,50,176,353,120,140,99,1.08081,0,0,5.16534,bimodal,1490.41,12016.3,806.241,OK
Backbone,germany50.lgf,raecke_frt_mendel,50,176,353,120,140,99,1.08081,0,0,5.16534,gaussian,11345.6,132664,1169.3,OK
Backbone,germany50.lgf,raecke_frt_mendel,50,176,353,120,140,99,1.08081,0,0,5.16534,gravity,1.95648,25.9598,1326.86,OK
Backbone,germany50.lgf,raecke_ckr_mendel,50,176,317,69,139,103,0.582524,0,0,5.74627,uniform,10096.7,123138,1219.59,OK
Backbone,germany50.lgf,raecke_ckr_mendel,50,176,317,69,139,103,0.582524,0,0,5.74627,bimodal,1490.41,12097.1,811.657,OK
Backbone,germany50.lgf,raecke_ckr_mendel,50,176,317,69,139,103,0.582524,0,0,5.74627,gaussian,11345.6,143229,1262.42,OK
Backbone,germany50.lgf,raecke_ckr_mendel,50,176,317,69,139,103,0.582524,0,0,5.74627,gravity,1.95648,28.2396,1443.39,OK
